post,target_minority,label
@user @user @user @userとバスの運転手に「darkie」に電話して女の子を感動させる,黒,2
@user彼はホモであり、彼は彼の息子を犯しました、私のYouTubeビデオを参照してください、Libtardedededefearties Please、必見です#maga,LGBT,0
@userは私があなたの人生を台無しにするか、私がくだらないホンダと蒸気を運転するようなものにそれを変更してみてください,女性,5
@userのお金は、単純な壊れた愚痴を感動させるだけです,女性,5
@userのバラは赤で、スミレは青で、黒人は黒です。それは本当です。@dylan72892,黒,2
@user @user @user @user islamophobiaはナンセンスです。イスラム教のイデオロギーは悪いです。簡潔でシンプル,イスラム教徒,4
ああ、TLを激怒させたのはおむつの部分ではありません。,女性,5
すべての女性キャストが私を悩ませていますが、私は文字通り、私がすでに見た0の女性キャラクターを持つ何百もの映画に気づいたことはありません,女性,5
黒人は長い間人間以下と見なされ、彼らの殺人は瞑想の注意に値しないbcとにかくお互いを殺します!!,黒,2
チョークミーパパはとても退屈です。,女性,5
女性と男。@user私は性差別主義者ではありませんが、多くの女性は時々真の論理を欠いています。多くの人はただ馬鹿です。,女性,5
マークサイコロがステージに立ち上がって、マイクに叫ぶファックニガーの群衆は彼をブーイングし始めます、マークサイコロは冗談を言って応答します,黒,2
質問は、あなたが別の人種の誰かとデートする黒人の人を見るたびに出て行くつもりです,黒,2
RT @user @user harry Potterとそのniggaは借金を持っています。,黒,2
RT @UserGuysは嫌いな人になることができますが、女の子は邪悪な#amenをクソしています,女性,5
RT @user a niggasの謝罪なので、あなたはまだ怒っています,黒,2
RT @userは、両方を行うことができる女の子を取得するような写真を投稿する愚痴が嫌いです。,女性,5
女性に適用されるとシャワーは悪いアドバイスです。,女性,5
彼らは私と彼女の娘が私の下にある女性です。ドーグ彼女は娘にあなたが私が今まで見た中で最大のクソの売春婦だと言った,女性,5
あなたは爆弾いいえ、あなたは中東の議論を補完するアメリカで爆弾,イスラム教徒,4
通常は性差別的ではない女の子@Userですが、女の子はNBA WOWの参照です。,女性,5
私は本当にアドバイスをするのが嫌いですbcmfsはあなたが24歳ではなく14歳のときにあなたがダチの雌犬を馬鹿にしていなかったように行動するように行動するように行動します。それは10年の違いです,黒,2
私が事実として見ているものrofl @userの感情は、あまりにも頻繁に彼らの邪魔になります。私は性差別的ではありません、私は自分が事実として見ているものをただ述べているだけです。,女性,5
#MessageTomyFuturesPouse u bitchのために料理ときれいにします。病気はあなたに私のお金をすべて与えますが、私は料理を掃除していません。,女性,5
#tweetlikepontiacholmesiポンティアックスプリンクラーを行う... nigga nigga nigga nigga spic spic spic spic nigga nigga nigga nigga,黒,2
#feministsは同意しません。ささやきの歌で育った世代のために、低くなり、バブルバットビッチはたわごとではありません...私たちは道を進んでいます,女性,5
letmebepetty彼が醜い雌犬のように泣くのは嫌いです。http,女性,5
いや、あなたが私を丸くするなら、あなたはモリー@userをしますnigga do molliesのみの愚痴...,女性,5
rt @user niggasがすべての雌犬と性交できないのは驚いていますが、niggaが彼の雌犬に話しかけようとすると、彼はそれについて泣きたいです私は答えが必要です,女性,5
@user彼らが黄色であると主張する多くの女性は実際には赤く、色盲目の母ファッカは黄色です,女性,5
@user私はこれらのくわを信頼できない女の子を信用していません,女性,5
@user猫があなたにとってただの猫であるなら、あなたは厄介なお尻のniggaです。その声明を再考します,黒,2
@userなぜyallはファゴットになっても大丈夫だと思って、私たちが彼らと一緒にクールになりたいと思っています,LGBT,0
TFWあなたの女性の心理学者はあなたとセックスをするつもりはありません,女性,5
「あなたがここにいる女性がただ座って、Yall Hoesがどのように不誠実なYallかを考えているのだろうかと思います。,女性,5
「私にとっては年をとっただけでした。,女性,5
「女の子は面白い人が大好きですxd'あなたがチャドであり、あなたは彼女が笑う何かを言うが、あなたが面白くて醜いならあなたは彼女の友達になるつもりだ,女性,5
...誰もそのすべての綿を選ぶ時間を持っていないからです。,黒,2
。@ユーザーは前に見た。ありがとう。面白いです。ほとんどの女性は、期待の低さによって損なわれています。それが結果です。泣き言のみ。,女性,5
ramiuglyとrratemeは、rinsecurewomenreceivingvalidation fromlonelysub8malestopの投稿と呼ばれるべきです。,女性,5
"1,2,3,4,5,6,7,8マイストアにはニガーが何人いますか",黒,2
12人のブロンドの男が、彼女が叫び続けたドイツの女の子をレイプしようとしていました。それらの3つは去りました。,女性,5
2人のイスラム教徒は厄介な戦いに巻き込まれます...ユダヤ人はそれのために斬首されます。,ユダヤ人,3
幸せな充実した人生をリードするために2017年に女性としてする必要がある2つのこと1.生まれる2.呼吸,女性,5
6フィートですが、1つの大きな引き戻しを除いて、大腿骨を取得することに近い小さなパッケージ,女性,5
911ジョークは面白くありません...私の父は攻撃で死亡しました。私は彼が電話で私に言った最後の言葉、アラフ・アクバルをいつも覚えています。,イスラム教徒,4
それは私が今まで見た中で最もアジアのように見える民族のドイツ人です。私はそれを選ぶためにここに来ました。...彼女の家族に関するミカサの全体的な背景ストーリーは、彼女が最後の東洋の人々の一人であることを中心に展開しています。,アジア,1
@userは人に男に言わせてください。,女性,5
@userそれを投稿した雌犬をレイプしたいと思います。,女性,5
@userジョーコルテスはそれを証明した究極のファゴットです,LGBT,0
@user @user今週の金曜日、C burgモールであなたは私が性交する愚痴のようにホイップしました,女性,5
@userイオンは、壊れた愚痴にdissをこっそりと鳴らします,女性,5
@user私は色のついたピザストウから注文することはありません,黒,2
@user y'allはショーで色のついた人々を持っていません。猫は人種差別主義者であり、たわごと#thetoddshowだと思います,黒,2
@User Town。友達との映画で。私はNIGを3回刺し、刑務所に送られました。正義,黒,2
黒人とメキシコ人が車に乗っていて、警官を運転しています,黒,2
ユダヤ人は骨抜きで壁にぶつかります。彼の鼻を最初に壊すもの。,ユダヤ人,3
骨を込めたユダヤ人が壁に当たり、ナチスに投げられたために全身を壊します。,ユダヤ人,3
司祭とラビが火をつけて学校を駆け抜けています司祭は子供たちについてどう言い、ラビは司祭が私たちに時間があると言います,ユダヤ人,3
少し皮肉だが事実上の黒人は数年前に鞭を始めましたが、何百年も前に白いpplがそれをしました。,黒,2
黒人の男が肩にオウムがあるバーに歩いて行きます。バーテンダーは、すごい、それは本当にきちんとした！あなたは彼をアフリカに手に入れました。オウムは言います。,黒,2
黒人の男、白人の男、アジア人の男が3年生の黒人の男で、彼は18歳です。,黒,2
黒人男性が肩にオウムがあるバーに歩いて行きます。バーテンダーは、オウムの返信からアフリカからそれを手に入れた場所で尋ねます。それらがたくさんあります。,黒,2
黒人男性がKKKパーティーに招待されました...彼は優柔不断で、彼が行くべきかどうかを知りませんでした。最終的に彼は彼らの招待を受け入れるためにテキストを返すことにしました。彼らは彼をぶら下げたままにした。,黒,2
黒人女性がソーシャルメディアに双子を妊娠していることを投稿しました...私は最終的に同じ男性に2人の子供がいるのを見てうれしいです。,黒,2
黒人、メキシコ人、イスラム教徒が車に乗っています。誰が警察を運転しているのか。,黒,2
太った黒人女性がスケールに足を踏み入れる彼女は、彼女の体重と彼女のフードスタンプ番号の両方を見る,黒,2
ガールフレンドは、最後にその人生の終わりに感じるように感じるスタートで跳ね返るマットレスファンのようなものです。おそらくそれを切り取る時間を詰めて、川に捨てて捨てます,女性,5
良い女性の心理学者は、もちろん彼の心理的問題について議論するために、インセルに性交させるべきです。,女性,5
良い女性はひどい家のようなものですそれは強化されておらず、構造的に弱く、簡単に破壊することができます,女性,5
5歳の@userでヒットした人は、女性をオブジェクトのように扱いません。それはそれが好きではありません... #jk #notsexist #sorrynotsorry,女性,5
ユダヤ人と黒人が、鎖が灰よりも速く落ちるので、最初に地面にぶつかる建物から飛び降ります,黒,2
ユダヤ人、ゲイ、ヒトラーがバーに足を踏み入れます。ヒトラーは去る唯一のものです。,ユダヤ人,3
"エネルギーの1,942ジュールと反応が必要な場合は、1,945ジュールのエネルギーを必要とします。",ユダヤ人,3
多くのアジア人。,アジア,1
男性が車を運転して女性にぶつかります。誰が過ちですかそれは男です！なぜ彼は台所で運転していたのですか,女性,5
兵士がユダヤ人の女の子に近づき、あなたが何歳になっているのかと彼女に尋ねます女の子はすぐに9歳になると答えました、そして、男はかなり楽観的であると言います,ユダヤ人,3
愚かな二重の標準...女性が昔ながらの50年代のソーダショップロマンティックスではないことについて女性の雌犬とうめき声を上げていますが、首の獣はそこにあるライフスタイルを塊にし、M'ladiesに奉仕しています。,女性,5
女性には、同じ名前の5人の息子がいます。混乱して＃x200bを混乱させずに、彼女はどのように呼び出しますか。彼女は彼らの姓でそれらを呼び出します。,女性,5
女性は卵のようなものです。あなたがそれを打ち負かすほど、それは＃x200Bになります。,女性,5
女性の処女は宝石であり、男性の処女は女性の特権の偽の例です。,女性,5
二重のallegiantユダヤ人が私たちの国に残る限り、恐怖があります。彼らの忠誠心は、彼らのサタンが作成したラビに対するものです。時間の終わりまで彼らのdiktatを課すために..私たちの国をフリーします..彼らからペストを入力してください。,ユダヤ人,3
Rupaulのドラッグレースのスポンサーであり、LGBTコミュニティの大規模な擁護者であると同時に、70年代の70年代の舞台裏でゲイパーティーをスポンサーした最初の会社であるため、企業としてのAbsolute Wodkaは反白人です。Absolut Vodkaカクテルの完成 -  YouTube,女性,5
実はいや！@user私は性差別主義者ではありませんが、女性は運転に吸います,女性,5
あなたの妻を失う価値はありません、あなたの命を失う価値はありません！,女性,5
すべての大腿骨は視界で禁止され、ゼロトレランスを禁止する必要があります。そうしないと、この場所は最終的に破壊されます。,女性,5
私のNiggazはすべて、この夏、携帯電話に少なくとも3つのugい愚痴番号を持っています。,女性,5
私の愚痴はすべて一時的なことを知っています,女性,5
これらすべてのくわはクソですが、彼らはhoeのように見えたくないので、あなたは低い値にhit hit hit hit hit hit hit hit hit hit hit hit hit hit hit hit hit hit hit hit hit hit hitを,女性,5
これらすべての人々が私にそれらをXer、Ze、Zhe、Xeと呼びたいと思っています。これから私はあなたをザゴットと呼ぶつもりです,女性,5
そして、hoegonは関係なくhoeになります,女性,5
そして、他の人にとっては、彼らが左側に至っているので、彼らはダチも言いますが、そもそも嫌いだったか、そこに人種差別主義者のいわゆる問題の道にだまされました。,黒,2
それに加えて、かつて私について話していたniggasまたは私が成長していた私はいつも私と性交しようとしています。,黒,2
そして、私たちは皆、バイセクシュアルが同性愛者であることへの道を歩んでいることを知っています。,女性,5
そして、それは一度だけ私を女性と呼ぶためにこれらのクソシスの女の子の一人を殺すでしょうか？,女性,5
アンはホログラフィックカードを買う余裕がありませんでした。,ユダヤ人,3
女性が17年間息子について嘘をついて男性を奪った方法の別の例,女性,5
男性と女性がデートするときにどのように平等であるかを説明する別の女性,女性,5
どんな冗談でも、適切な配達で面白いことがあります。妊娠中絶のジョークを除いて、配達がないからです,女性,5
誰もが、ヒナのお尻を出して写真を投稿した後、子供を投稿することに気分が悪くなる人を見つける人はいます,女性,5
他の誰もがその偽善的なフェミニストがフェミニストとラベル付けされていると悪魔化されていることに不平を言っているが、MRAの誰かに夢中になる,女性,5
彼らは巨大なリッププレートを持つアフリカの女性について話しているのですか,黒,2
あなたは女性から指示を受ける準備ができていますか,女性,5
愚かなフェミニストに対する議論は、フェミニストである私のクラスのいくつかに少数の人々を持っています。彼らが論理や事実を聞いていないので、彼らを議論するのは難しいです。,女性,5
ドイツ人として、私は彼のスピーチ中にオバマがブレットプルーフグラスの後ろにいた理由をいつも疑問に思っていました。,黒,2
予想通り、テロリストグループのハマスがガザでの選挙に勝ったとき、それは通常の1人、1回、イスラム教徒の選挙でした。＃イスラム教,イスラム教徒,4
あなたのような人々が@userを去っている限り、私は性差別主義者ではありませんが、WNBAは本当に存在する必要がありますか,女性,5
男性を称えるすべての休日をキャンセルするとすぐに！@user imは性差別的ではありませんが、女性のための休日を作るのをやめることができますか,女性,5
いつものように、魔法の黒人は口を開けて、嘘をつきます。,黒,2
アジア人は数学に夢中になっているので、彼らのポルノには触手があり、数え続けることができます。,アジア,1
電話調査の終わりに、完了するのに約20分かかりました。発信者の民族あなたの選択は、白人、アジア人、ヒスパニック系、アフリカ系アメリカ人、太平洋諸島人、その他...私はアジア人です。発信者はすごい、あなたはアクセントを持っていません。あなたはアジア人さえ聞こえません！,アジア,1
bruh !!rt @user彼らは醜いくわを言いますar慢です...,黒,2
悪いリル短い細かい雌犬lil petite sumn,女性,5
私が雌犬を平手打ちすると、彼女は無意識になりました。それは私がこの4つの目の雌犬のうち、どれほど病気ですか,女性,5
トランスジェンダーであることは、CSGOのチームを変更すると、切り替えると嫌いになり、蹴られます,女性,5
愚痴は彼らが滑らかだと思っていますが、どんなに激しくそれを隠そうとしても、私たちは彼らがくまであるかどうかをまだ知ることができます,女性,5
ブラックは今私に私のカルマゴッドダミットをください,黒,2
クラスのブラックガイは、紙のボールをゴミ箱に投げ込もうとしますムンディ夫人あなたはあなたのレースに不名誉です、マーカス,黒,2
黒人は芸術作品のようです私たちはそれらすべてを掛けるべきです,黒,2
黒人はヘロインの白人を撃ち、学校を撮影します。,黒,2
黒人は、彼らが退化するように路上で銃で撃たれるに値します。同意した場合はロックします,黒,2
どちらも重要ですが、神経型であることは美貌よりも重要です。あなたが1010のゴッドコープでない限り、女性はあなたに近づきません。,女性,5
その雌犬のモッツァレラスティックを買った。愚痴はモッツァレラチーズのスティックが大好きです,女性,5
茶色の目は、外部の繁殖の外で、黒人とアジア人が持っている唯一の目の色です。,黒,2
しかし、最高はここにあります、彼らは確かにアフリカ人ではありません - 多文化主義は社会の葬儀のpyrであり、それを歓迎する人は愚か者か裏切り者です,黒,2
しかし、yall niggasは、これらの女性のくわを呼び出したいと思います。lil niggasをファック。,女性,5
しかし、あなたはレズビアンになることはできません！友達に何を伝えますか！,女性,5
しかし、あなたはあまりにもかわいらしいゲイになりすぎます！,女性,5
Chortle @user昨夜の盲目のデートが私が盲目の日付をしない理由です。彼女がしたことは、私が騎士道であるのが好きだから私を性差別主義者と呼ぶことだけでした,女性,5
クールなストーリーベイビーは今私をサンドイッチにします,女性,5
黒い冗談で私たちは和らげることができますか？,黒,2
チャドは、フェムヘロイドを彼に投げてもらうために口を開ける必要さえありませんが、私たちのためのクリープソールがコープまたはロープであるようにブランド化するために口を開ける必要さえありません。,女性,5
私が彼女をチェックすることは彼のhoeをチェックしてください,女性,5
私が見つけたこのYouTubeチャンネルをチェックしてください、私は彼が多様性が西の社会的結束を破壊すると言うことのほとんどに同意します-YouTube,黒,2
クライアント1私には、彼氏がいますか？クライアント1私にあなたは女の子とデートします!!とんでもない！攻撃はありませんが、あなたは同性愛者になるにはあまりにもきれいです！私はそれがクライアントを意味するはずです1ああ私の神！ここで働いているのは残念です！つまり、私は困ったくないので、私はあなたに当たっていませんが、いまいましいです！,女性,5
同僚は、典型的な同性愛者のカップルではありません。私は、同性愛者のカップルについて典型的な唯一のことは、それが同じ性別の2人であるということだと思います。同僚は、彼らはきれいで女性的であり、通常は彼らのブッチの1つです。私は23歳のバイセクシュアルの女性作業データ入力です。私はイライラし、怒りを感じさせました。,LGBT,0
ジョシュア・アヴラハム・シェケルバーグ、元黒のブロック活動家が左翼の反動右翼アナキストSJWの偏執者がこのEPを返していることを確認した,ユダヤ人,3
これを考慮すると、私たちは皆、私たちが他の何よりも白人の子供を非常に好むことを私たち全員が同意していると言います。,黒,2
誰もが彼らがやり過ぎているユダヤ人についての冗談を言うのをやめてくれませんか。,ユダヤ人,3
同僚は、昨年私が彼女に与えたものを使わなかったので、クリスマス私のためにあなたの妻を何もしませんでした。同僚は、昨年私に埋葬計画を彼女に手に入れましたか。,女性,5
毎日のリマインダーの女性はとても愚かであり、彼らは「1人で唯一の」結婚を持つことと比較して80人の男と一緒にいることを理解することができません。,女性,5
毎日のリマインダーあなたはよだれを抱きながら、気を悪くするためにはよだれを垂らしているか、極端なアゴフォビクである必要があります。,女性,5
くそー色の男にとっては寒い,黒,2
暗い冗談や黒人でさえ「暗い」ジョークは黒人には適していません。それらのほとんどで、彼らは射殺されます。,黒,2
女性のためのデートルールは、病的に肥満ではありません,女性,5
親愛なる@user @user私たちは一つの人類としてあなたに外食をやめるように頼んでいます毛皮のような忠実な友人の犬と猫これは完全に野avです,アジア,1
親愛なる神はこれらの恐ろしく醜い茶色と黒人をここから出します,黒,2
親愛なるイスラム教、あなたが私たちをどれだけ憎むかを世界に示すために人々を殺すのをやめてください。コーランが私たちに言っているので、私たちはすでに知っています。＃セントピーターズバーグ,イスラム教徒,4
森林伐採は良いことです。彼らは本当の家を見つけることができます...または多分そうではありません。,黒,2
霊長類についてのテレビチャンネルについて聞いたことがありますか？ええ、それはNBAと呼ばれています。,黒,2
彼らがモンティ・パイソンとニガと言う騎士団をフィーチャーした聖杯の黒いリメイクをしていると聞いたことがありますか,黒,2
同性性が家系図を殺すことに気づきましたか？,女性,5
嫌な部分は、女性はこれらのゴミのお尻の酸性猫を食べたいということです,女性,5
嫌な白塗りされたアジアの女は彼女の決定を守り、アジア人の男性の黄熱病と洗浄について不平を言います,アジア,1
ユダヤ人はナチスのようなものをしますか？,ユダヤ人,3
彼らはそれをゴールデングローブと呼んでいますか？,女性,5
カラスがczを盗む理由を知っていますか,黒,2
あなたがタイロンと言わなければならない誰かを怒らせずに黒い塗料を言うことができないことを知っていますか、私の家を描いてください！,黒,2
ビンラディンは、彼が死んだ方法のために、彼のフォロワーにより女性らしいように見えますか？,女性,5
今週末の時計を元に戻すことを忘れないでください！白人が私の路上で少数派を抱えていた1950年に私のものを設定しています。,黒,2
ハロウィーンの間、私は警官が私に近づくまで幽霊のような服を着て町を回った。,黒,2
奴隷制度の間、私たちは黒人を鎖でつながなければならなかったので、彼らが盗まれないように自転車をチェーンしなければなりません,黒,2
エルトン・ジョンは、「ごめんなさい、最も難しい言葉のようだ」と言ったとき、特にあなたがアジア人なら正しかった。,アジア,1
テロリストハンターのトランプの十分な敵は内部から来ました...裏切り者が彼らを持ち込むのを止めるなら、私たちは銃口に問題はありません,イスラム教徒,4
アメリカのすべての半繁殖警官は、白人女性をレイプしようとしています。,黒,2
誰もが登録解除します。これらの人たちは、もちろん黒という言葉で私たちと一緒にいじいにしています。,黒,2
EW @userは私が12歳のときからソーシャルクラブに行ってきましたが、メインバーで女性が正しくないように怒っています。#notsexist,女性,5
カナダに献身的な白人ナショナリストのネットワークがあった場合、実際に達成できることを知ることはできません。,黒,2
マシンを保持している脂肪のお尻hoe,女性,5
2月18日は、ファゴットという言葉の記録的な設定日でした。,LGBT,0
1つの文に凝縮された女性のアドバイスはあなたを魅力的ではありませんが、他の大腿骨は,女性,5
フェムロイドは、クソ、ショッピング、ゴシップ、そして彼らの背景にある積極的な累積に加えて興味がありません。,女性,5
大腿骨は偽善者であり、コウモリのようにugいものになり、小人になり、岩のように退屈な性格を持っていますが、それでも横ばいになります,女性,5
大腿骨は、私たちはセックスを望んでいる資格があると考えていますが、解放された妊娠中絶の権利があると感じても大丈夫です。,女性,5
彼らが都市をパレードして同性愛者の権利を要求しない限り私には問題ありません '' ...それを閉ざされた神のいまいましいものに保管してください、同性愛は誇りに思うものではありません。,女性,5
ハロウィーンのために、私はパックマンのスーツを着て、町の中心部のバーカスでイスラム教徒の女性を追いかけます,イスラム教徒,4
2セントごとに、アフリカで飢えた子供を節約します。,黒,2
すべての汚い犬のために渇いた雌犬があります...これは喉の渇いたお尻のための水のグラスです,女性,5
私の最後の誕生日には、アフリカにはこれ以上飢えた子供がいないことを望みましたが、最後にチェックしたとき、彼らのいくつかはまだ生きていました,黒,2
元23Fバージンは、性的活動の最初の年に7人の性的パートナーを抱えていました - ある種の成果を考えています。,女性,5
女の子は暴力的な男が醜くて暴力的な狂った、精神的な問題、不気味なハンサムで暴力的な自信を持って、暑く、彼は私を守ります,女性,5
あなたの人種や文化に関係なく、あなたの人種と文化を生かし続けるあなたの子孫の未来を破壊し、道徳、価値観、そして、あなたの人種と文化に敬意を表して、あなたの子孫の未来を破壊します。人類の虐殺。,女性,5
ジョージ・マイケルそのようなたばこ,LGBT,0
少女が自分自身を殺すために男の子をゴードし、罪を犯したが、まだ言い訳の不足はない,女性,5
女性にパートナーを選ぶ権利を与えることは、それを決定したアフリカの子供たちにAK47を与えるようなものです,女性,5
女性が赤ちゃんを維持することを選んだことをうれしく思いますが、性交、あなたが父親になるかどうかにかかわらず、女性は本当に究極の決定者です。,女性,5
最終的に女の子のズボンに入るための素晴らしい方法は婦人科医になります,女性,5
飛行機で私の隣の男なので、あなたは私からフロリダからどこにいますか。男、どこから、私はどこから来ましたか、私はニューヨークで生まれました...しかし、彼はどうですか...彼はアジア人を見るために彼の目の角を引き戻します。,アジア,1
ハハ@user imは性差別主義者ではありません....しかし、私は正直に言って、男性だけがスポーツセンターでサッカーについて報告するべきだと思います...ただ言っています,女性,5
聖なる性交あなたのカイク・ビッチ.......誰もhollyjewdについて性交を与えます.......ベガスにとどまる,ユダヤ人,3
他の誰かが、エネルギーを維持しながら相手が疲れるまで主に黒人がどのように待つかに気づきましたか？,黒,2
エチオピア料理を試してみましたか,女性,5
yallにチャペルショーのニグガーファミリーを見てもらいます,黒,2
毎月「新しいボーイフレンド」を持つことは、あなたがゴージャスであるという意味ではありません....それはあなたが簡単で遅れていることを意味します。,女性,5
彼はとてもゲイのように見えます彼は静かで、詩が好きで、彼はリスプを持っています。しかし、あなたは私がこれを言ったことを決して伝えることができません。なぜなら、私は彼に何か問題があると感じさせたくないからです。,LGBT,0
それを聞いて、ヴァネッサ・メイ・ネイトはあなたが吸うと言います。@user私は性差別主義者ではありませんが、ほとんどの女性ミュージシャンはお尻を吸う,女性,5
これは、美しい白人女性が叫ぶスカム、スカム、スカム、f ingスカムを見るためだけに見る価値があるイベントのビデオです!!!''イスラム教徒の汚物。,イスラム教徒,4
ねえ女の子あなたは学校の原因IDですか,女性,5
こんにちは皆さん....私はスロベニアから来ました、そして私はこの世界のすべての生きているイスラム教徒を完全に嫌います.......そして私は死んだものさえ軽spします,イスラム教徒,4
こんにちは空白あなたは黒人の男のポストを削除するでしょう、それは完全に人種差別主義者であり、私はこのサブがもちろんそれを嫌っていることを知っています,黒,2
ハイヒールは純粋な悪であり、短いメンダーブの短い愚痴のために人生を難しくしているだけです。,女性,5
ヒトラーとヒムラーが木に座っている...議論...最初に来て、ブリッツクリーグが来て、それから機関車の運送でユダヤ人が来ます。,ユダヤ人,3
ヒトラーは決してあなたのロールモデルであるべきではありません。なぜ彼は仕事を終えることができなかったからです。,ユダヤ人,3
うーん...アラバマ州の街で暴動を起こしている白人はいない....今日のお祝いでコルト45を飲むニガー！,黒,2
ツイッターのためにフロントに置く,女性,5
GoogleにコピーしたInstagramに女の子の投稿なしでNiggaを見たいくつかの引用のために良い男性を残す女性を抱きしめます... u Hoes Crazy,女性,5
ホモ・ネアンデルタレンシスは、黒人種の馬鹿げた黒人亜種であり、決して白人ヨーロッパではありませんでした。,黒,2
中国人の子供は階段のドロップemという名前で、彼らから出てくる音は彼らの名前です,アジア,1
黒人と竜巻はどのようにして、良い近所を台無しにするのにそれが必要なのと同じです。,黒,2
サンタがユダヤ人ではないことをどうやってchimney.editのスペルを下ろします,ユダヤ人,3
アジア人が近所に引っ越したとき、すべての犬がbarえるのを止めることをどのように知ることができますか。,黒,2
路地が狭いので、なぜあなたは太った黒人の男を見ないのですか。,黒,2
さらに数百万人を殺すことで、600万人のユダヤ人がホロコーストで死ぬことを妨げることができたでしょう。,ユダヤ人,3
私のユーモアは綿を選ぶのはどれほど暗いか。,黒,2
あなたのユーモアは綿を選ぶのはどれほど暗いですか。,黒,2
ブラックパンサーが本物ではなかったことをどうやって知ったのですか？,黒,2
黒人はどのように彼らの処女をゼブラの群れに失うのか。白人はどうやって最初の聖体拝領を失うのか。,黒,2
黒人はお互いに銃を撃つことで、お互いに挨拶するのはどうですか。,黒,2
ソマリア人はどのようにして10歳の誕生日を祝いますか？,黒,2
イエスが黒ではないことをどうやって知っているのか、彼は水をワインに変え、ヘニーではない,黒,2
どのようにあなたは中国人を盲目にしますか？あなたが必要とするすべてはフロスだけです,アジア,1
暗闇の中であなたのニガーをどのように見つけますか,黒,2
ピンク色のユダヤ人のひよこに、ガス室に1つを指でどのように指しますか。,ユダヤ人,3
バースツールを逆さまにして4人の同性愛者をバースツールにするにはどうすればよいですか。,LGBT,0
どのようにして黒人を一緒に抱きしめますか？ゴリラの接着剤,黒,2
アジアの食べ物がbarえ声が始まったときに調理が不十分であることをどうやって知っていますか。,アジア,1
あなたの妻が死んだとき、セックスは同じままであることをどうやって知るのですか？しかし、料理は積み上げられ始めます。,女性,5
彼女の体が冷凍庫にいないとき、あなたのお父さんがあなたの妹をクソしていることをどうやって知っていますか。,女性,5
あなたが見るすべての妊娠中の黒人女性を迅速かつ効率的な方法でどのように除去しますか。,黒,2
黒人男性がdr死から足を動かすのをどのように救いますか。,黒,2
黒人男性が彼のワークブーツの下に彼のフードスタンプを隠すことをどのように飢えさせますか。,黒,2
黒人がown死を止めるのを止めますか,黒,2
5人の黒人が白人女性にバスケットボールを投げるのを止めるにはどうすればよいですか,黒,2
あなたの車がアジアで作られたかどうかをどのように伝えますかヘッドライトが斜めになっています,アジア,1
クリスチャンを彼をユダヤ人の火葬に変えるにはどうすればよいですか,ユダヤ人,3
Tranniesに対する戦争にどのように勝ちますか？生物学の本を引き出します。,女性,5
イスラム教徒はカウントダウンタイマーを見て時間をどのように伝えますか,イスラム教徒,4
チェスは実生活の人々とどのように関係していますか白人は常に最初に来る,黒,2
社会は、社会が不公平な利点を与えれば、職場で女性と競争することで男性が大丈夫だと感じることをどのように期待していますか,女性,5
祖先とパーティーをするのにユダヤ人がどれくらい時間がかかりますか？,ユダヤ人,3
昨年シリアで何人のイスラムの人々が死んだのか十分ではありません,イスラム教徒,4
正面の車には何人のユダヤ人、後ろに3人、ブーツに1人、灰皿に11人が収まります。,ユダヤ人,3
暴動を始めるのにいくつの黒が必要ですか-1,黒,2
何人の黒人が車4黒人とそれを運転している警官に収まることができるか,黒,2
電球を変えるのに何人のフェミニストが必要ですか？,女性,5
何人の性別がありますか。女性は財産であり、人ではありません。,女性,5
ガスライトを使用する場合、電球を変更するのに何人の女性が必要です。,女性,5
リンカルがメイがここにいる私のすべての憎しみを取り除き、きれいに出て、寮の部屋に戻って膣の穴に物を貼り付けるために私が彼らの内臓を軽spしないふりをする準備ができているのをどのように助けるか。,女性,5
大統領を殺す方法Nevermind、彼は今白人です。,黒,2
黒人の子供たちがあなたのベッドにジャンプするのを止める方法は簡単です。ベルクロを天井に置きます。ボーナスメキシコの子供たちはピアタだと教えてください。,黒,2
どうやってあなたが雌犬を演奏してみて、あなたはクソバムのお尻niggaを試してみました,黒,2
私はヒトラーがとても嫌いです。彼は仕事を終えることができませんでした。,ユダヤ人,3
私は普段が目を覚まし、それがクソユダヤ人であることを理解することを祈ります！,ユダヤ人,3
私はデス・ファッケン・ユダヤ人のプラヤが私を憎むつもりはありません,ユダヤ人,3
私はあなたが雌犬だと言っていませんが、あなたは女性の犬のように振る舞っています。,女性,5
私は人種差別主義者ではありません私は黒人がとても好きです。,黒,2
私は中国人の女の子に彼女の番号を尋ねました...彼女はセックスを言いました！セックス！セックス！今夜は無料のセックス！,アジア,1
これらの類人猿は、エイズを治すためにペニスを切り落とすことによって何かに取り組んでいるかもしれないと思います。,黒,2
私はユダヤ人のスポーツカーを買っただけでなく、それが硬貨で止まるだけでなく、それを拾う,ユダヤ人,3
私はあなたが人種差別主義者ではないことを保証することができます。鞭を見つけることができなかったとき、私は飢えたアフリカの子供たちと連絡を取りました。,黒,2
私は彼らのムーフでdababydickと一緒に1マイル離れたところからユダヤ人を見つけることができます。,ユダヤ人,3
ハイヒールの場合、彼女が身に着けている靴で女の子とセックスするかどうかはわかります。,女性,5
私はそれを行う方法を解決することはできません、それは女の子の脳がどのように機能するかではありません。,女性,5
私は女性への神の贈り物であるので、私はセックスに値します,女性,5
女性がキッチンに滞在すべきだと人々が言う理由がわかりません...キッチンに滞在するなら、彼らはどのように家の残りをきれいにしますか,女性,5
信仰が山を動かすことができるかどうかはわかりませんが、それが高層ビルに何をするかを見てきました。,イスラム教徒,4
私は#faggotsを憎んだり嫌いではありません。性的変異は、#Evolutionの必要な副作用です。しかし、4時の増殖は#Humansがめちゃくちゃになったサインです,女性,5
私はヴェルマ・ケリーが黒人の女の子が演じることができるとは思わない。それはただ正しくないように思えます。,黒,2
私はバイセクシュアルを理解していません。なぜ彼らはただ側面を選ぶことができないのですか,女性,5
なぜすべての黒人がブラックパンサーのように振る舞っているのかわかりません。,黒,2
私はこれらのくわをキスしません,女性,5
私は私のためにカバーできるニガを知りません,黒,2
私は動物の権利を支持する奴隷制を信じていません,黒,2
私は最終的に、ユダヤ人は立派な宗教よりも犯罪シンジケートのように振る舞うという結論に達しました。,ユダヤ人,3
私はniggasの愚痴を犯しました。どうすれば鉱山を信頼できますか,女性,5
私は黒人に彼の誕生日にブレスレットを与えましたが、彼はそれがどれほど重くて錆びているかを不平を言い続けています。,黒,2
私は昨日、女性の同僚にいたずらを引くために職場でトラブルに巻き込まれました。警察は私に知らせてくれました... ...そのエイプリルフールの日は関係ありません。そのレイプ。,女性,5
私は私の人生の半分のために南の小さな町N.Bで育ちました。キングス郡と呼ばれる地域では、文字通り3人の黒人を除いて100人の白人でした。,黒,2
私は黒人に、白人男性と彼の大きな犬ほど黒を怖がらせるものは何もないと言った。,黒,2
私は世界がどれほど政治的に正しいか嫌いです...私はもう黒い塗料さえ言うことさえできません。ちょっとジャマルと言わなければなりません、私のために私のフェンスを描いてもいいですか,黒,2
私は魅力的でない女性が特に古いものを見るのが嫌いです、彼らは私の人生への負担のようです,女性,5
このような美しい白人女性が、これらの病気で暴力的な容赦ない動物の犠牲者になるのを見るのは嫌いです。,女性,5
両親が子供にゲットーの名前を与えるとき、私は嫌いです。シャニック、ラキシャ...どうしてあなたはあなたの子供にそれをすることができますか,黒,2
私は女性が嫌いです。,女性,5
家系図に黒人がいます。彼はまだそこにぶら下がっています,黒,2
私は黒人の友達のかなりの割合を持っています...その割合はゼロです,黒,2
私はこのサブを台無しにしているニガーほど合法的に人種差別主義者ではないので、私は罪悪感を持っていません,黒,2
ボストンの友人からこれが真実だと聞いた。,黒,2
私のミュートの娘は、彼女が叫び声を上げ続けた彼女の最初の言葉を言うのを聞いた。私は彼女をとても誇りに思っていました,女性,5
黒人が20ドルの紙幣に乗ることができると聞いた,黒,2
私は私の巨大な黒人タンを取り出して、それを使用してDA #koolqueeftributeのためにハンバーガーをひっくり返すことで、若い白い女の子を感動させます。,女性,5
黒人は昼寝をしないことがわかりました。彼らはおむつを取ります。,黒,2
私はとても黒いときに感じがあり、歯もバーの後ろにありました。,黒,2
私はちょうどラウンドハウスを胃の中で妊娠したイスラム教徒を蹴りました#BombDefused,イスラム教徒,4
20代にアジアの男性を求めるのにとても多くの白いひよこをファックしたい,アジア,1
私は人種差別主義者ではないと人々に言い続け、家系図に黒人がいる。彼らはまだぶら下がっています。,黒,2
私は多くのことが私に反対することを知っていますが、私はまだ彼らがまだこの世界の素晴らしい偉大なユダヤ人だと思います,ユダヤ人,3
私はミシシッピ州が黒人でいっぱいであることを知っていますが、本当の白人の人々が私の仮定を高く評価しようとしているのは本当に悪いことですか,黒,2
私は中国のビュッフェが好きですが、私はすべてのチンクが嫌いです,アジア,1
eBayで購入した女性をたわごとを打つのに十分な強さが好きなので、私はコーヒーが好きです。,女性,5
私は自分の女性が好きなようにコーヒーが好きです。黒以外。,女性,5
私は妻が好きです私は私の魚が虐待されるのが好きです,女性,5
私は私の女性が3歳のコーヒーが好きで、袋の中に粉砕されるように私の女性が好きです。,女性,5
私は私の女性が私のコーヒーが弱くて簡単に抑えるのが好きなのが好きです,女性,5
私は私の女性が私のパンがスライスしてバッグの中でどのように好きかが好きです,女性,5
私は私の女性が私のコーヒーが好きであるのが好きです...粉砕して冷凍庫の中に。uursois,女性,5
私は私の魚が好きな私の女性が好きです。ボロボロ。,女性,5
私は私の女性が私の子供のメニューが好きな方法が好きです... 12以下,女性,5
私は私の女性が私のテレビ番組が裸で恐れているのが好きです,女性,5
私は私の銃が好きな方法が好きです。最近退院し、血で覆われています。,女性,5
私は私の女性が私の葉巻が好きで、7歳で、黄麻布の袋でキューバから来るのが好きです,女性,5
私は私のコーヒーが好きなように私の女性が好きです。暑くて新品。,女性,5
私は私の女性が好きです私は7歳の私の高価なチーズが好きで、私の家の下の暗いセラールームで,女性,5
私は私の女性が私の肉がbeatられて赤くなるのが好きなように好きです,女性,5
私は私の女性が私のココアビーンズブラックのように好きで、beatられているのが好きです,女性,5
私は私の女性が肌のない私のコーヒーが好きなように私の女性が好きです,女性,5
私は私の女性が好きで、私の宿題は他の人が周りにいるときに簡単にできるのが好きです,女性,5
私は良い歯が好きな人が好きです。,黒,2
私は私の女性を私のペニスのように扱うのが好きです。降りるまで毎晩それを打ちます。,女性,5
私はこれが好きでした。私は人種差別主義者ではありません。なぜセブンはセブンを恐れていたのでしょうか。,黒,2
私はオハイオ州ニューリッチモンドに住んでいますが、これはほぼすべて白ですが、子供たちはMTVで脳洗浄されており、MTVのラップビデオで何時間も見ている黒人のように振る舞います。,黒,2
ブロードウェイミュージカル、レディーガガ、カレンウォーカーが大好きです。私は女性の体に閉じ込められているゲイの男性です。ハッピーナショナルが出てくる日。,LGBT,0
私は彼らが誰であるかのためにすべての人々を愛していますが、できるだけ早く忍者の星を顔に捕まえることができる私の学校に行くこの一つのファグがあります,LGBT,0
特にニガーが反対側にあるとき、私はロープでラットプルダウンをするのが大好きです。,黒,2
私はゲイの男が大好きです、彼らはとても楽しいです！ゲイの男の親友が欲しいのですが、レズビアンはただ迷惑です。,女性,5
今日は黒い冗談を言った。うまくいきません。,黒,2
つまり、私はすべてフェミニズムのために...しかし、女性全員が労働力に参加すると、出生率が急落し、人類が絶滅するのではないかと心配しています。,女性,5
私はビッチ・ニガを意味しました,黒,2
頭の上で女性を襲って家に連れて行ってから、朝食を買う代わりに朝食として動物に食べさせることができる日が恋しい,女性,5
私は黒い近所に引っ越し、私のテレビが盗まれ、隣人がクリスマスにそれを私に贈りました。,黒,2
私はファッキンの奴隷を所有したことがなく、あなたは綿を選んだことがないので、stfu！,黒,2
私はしばしば異なる民族についてだと思います。黒人のように、彼らはお互いに多くの問題を抱えているのだろうか。,黒,2
私はかつて、この雌犬が彼女が男に望んでいたと言ったすべてになろうとしました...そのたわごとは私をどこにも連れて行かなかった。,女性,5
私は、祈りのマットの預言者が屋根を通り抜けているように変装した地雷を販売する会社を開きました。,イスラム教徒,4
私はクマを所有しています。本当に。私はそれをファーストフードに養うのが好きです。,黒,2
私はブラックヒストリーマンスのためにたくさんのチラシを出すつもりです。,黒,2
先日、ゲイバーに出くわしました。私は次の見出しにいて、ホモカイドが欲しかった。,女性,5
私は私のお気に入りのテロリスト関連の悲劇を評価します... 911！,イスラム教徒,4
先日、映画館に関する新しい霊長類のドキュメンタリーが大好きでした。それはブラックパンサーと呼ばれていました。,黒,2
私は口の周りにチョコレートパウダーをこすって灰のように見えます。,ユダヤ人,3
彼が同性愛者だったからといって子供をbeatった4人の男を見たので、私は助けに行きました。彼は私たち5人全員に対してチャンスがありませんでした。,LGBT,0
ウルトラの保守的な女性が自由を獲得すると、100ヤード以内の誰にでも猫を開けるので、私はイランの進化を支持しています。,女性,5
私は愚痴が心配することは何もないだろうと誓いますが、彼らは性交を閉じる方法を知りません。,女性,5
私は素晴らしいひよこが彼らが彼らを性交したくないと誓っていることを誓います、それは彼らがそうではないということではありません,女性,5
私は私の新しい雌犬の猫が濡れている私のExにテキストメッセージを送ります,女性,5
すべての人が黒人、メキシコ人、賢いかにかかわらず、大学に行く機会を得るべきだと思います,黒,2
私はその＃3-文化の多くの若い黒人男性が父親のいない成長していると思います。,黒,2
最悪の事態は、女性が他の女性が剃らないことで恥ずかしいときだと思います。あなたはそれがどれだけの痛みと二重の標準であるかを正確に知っています！SMH。,女性,5
なぜniggasが関係になりたくないのかを理解しています,女性,5
私はあなたの懸念を理解していますが、あなたが銃を持ったあだてと何かを計画する能力についてあまりにも心配する前に、このビデオを見てください。,黒,2
私はアラビア語の男と一緒にユニに行きました。彼はいつも授業に遅れていたので、私たちは彼を912と呼びました。,イスラム教徒,4
私は昨夜にニンジンで自慰行為をして妹に歩いて行きました。,女性,5
黒い赤ちゃんを盗みたいです。黒人の赤ちゃんは白人の赤ちゃんよりもかわいいです！,黒,2
私は今日、私が公共の財産の破壊行為で逮捕されるまで、黒人の6歳の子供をクソしていました,黒,2
私はかつて黒い塗料を言うために人種差別主義者と呼ばれていました...どうやら正しいフレーズはタイロンです、フェンスを描いてください。,黒,2
私は吹雪で自転車に乗っていました。それは黒い氷の上で滑り、私は落ちました。起きたとき、私の自転車はいなくなりました,黒,2
私はアジア人の目がどれほど小さなものであるかを考えていました、そしてそれは私に考えさせられました、真珠湾は事故でした,アジア,1
なぜユダヤ人のメディアは、すべての血が渇いた第三世界の野av人が犠牲者であり、それがすべてホワイティのせいであるといつもふりをしているのだろうか,ユダヤ人,3
あなたの人生であなたの最大の空想の1つがポルノトフの1つでなければ、私の人生で裸の女性を見たことがなかったでしょう。ぶらぶらして寒い,女性,5
私は、強制統合の側面と、最初にそれに応じて白人が行動したことに焦点を当てました。,黒,2
迷子になるためにyall niggasを支払います、どれだけのy'all hoeniggas gunnaコスト,黒,2
私はゲイで元気です、そして私はレズビアンと元気ですが、それが私を悩ませることを決めることができない人です。どちらが好きな人や性別を決めることができない人、または彼らがどんな性別であるかを決めることができません。あなたはサイドの人々を選ぶ必要があります！,女性,5
私は友達のアーメドに満足しています、彼はちょうどパリに参加するように来ました。別の注意として、誰でも私のトラックキーを見ました,イスラム教徒,4
私はDCに向かい、「ホワイトハウスで野avな黒人の獣はいない！',黒,2
私の大学の女の子は黒人の男が嫌いなので、私はインセルです。私のような黒人は本当に自分自身のヒーローであるべきです。,女性,5
私は人種差別主義者でも何もありません。しかし、私はニガーが嫌いです！,黒,2
妊娠中絶に対する私の姿勢が私がすべて赤ちゃんを殺すことのようなものであるかどうかはわかりません。女性に選択を与えることについてはわかりません。,女性,5
私はおそらくとても人種差別主義者ですが、サンタにdressした黒人男性は間違っています。,黒,2
黒人は責任を負うことができない、または自分の人生のマスターになることができない、またはマスターになる人はすでに奴隷であるため、完璧な奴隷を作るといつも言ってきました。,黒,2
idは、西にある西に移動すると言っています。カナダのすべての白人が西に移動する必要があるので、西に戻ることができます。,黒,2
すべての人種差別主義者のためにドルを持っていたら、黒人の母親ファッカーがおそらく私を奪うと言った。,黒,2
明日女性として目が覚めた場合、私は二度と孤独になることはありません。、特に、かつて愛されない男性のインセルだった人として。,女性,5
あなたが非バージンと結婚するなら、あなたは嫌な人で不名誉なカックです,女性,5
ゲイの男がダウン症候群を持っている場合。彼は果物か野菜ですか,LGBT,0
女性の有罪の喜びが、タブーであるにもかかわらず女であることにふけることである場合、男性に相当するものは何ですか,女性,5
カメラが本当に10ポンドを追加する場合、アフリカ人は本当に存在しますか,黒,2
女性が出産しなかった場合、社会では彼らには役に立たないでしょう,女性,5
男性が女性のように話した場合、彼らは臨床的に非常識と見なされるでしょう,女性,5
アフリカだけがより多くの蚊の網を持っていれば、毎年何百万もの蚊を救うことができます。,黒,2
彼女が良いサンドイッチを作り、彼女が良い驚きの妻のdat hoeを与えたら。そうすれば、彼女が食べている間に食べることができます,女性,5
彼女がそれらのショートパンツを着ている場合、彼女が「トラブル」になった場合、それは彼女自身のせいです。,女性,5
3つのストージが黒だったら、彼らの名前は何になりますか,黒,2
扁桃腺を除去する手術が扁桃摘出術と呼ばれる場合、女性の操作の名前は何ですか、男性の性変更addadictomy,LGBT,0
歴史を知らない人がそれを繰り返す運命にあるなら、私はホロコーストについて知っているすべてを忘れたい,ユダヤ人,3
あなたが女性を憎まないなら、あなたはカックです,女性,5
あなたがあなたの道を持っていれば、彼らは税金を支払う白人ではないでしょう、そうすれば黒人は福祉を集めることができ、彼らはアフリカで証明したように、彼らは自分自身を養うことができません,黒,2
大きなペニスを持っている場合は、cenisisizrmatters.netにcentするのをやめることができます...女性は男のペニスを気にかけているだけです。,女性,5
プラトニックの女性の友達がいる場合、あなたは同性愛者か遅刻しています。,LGBT,0
あなたが女性のためにドアを持っているなら、あなたはベータの弱いカントに対して慈悲を禁止するに値します。,女性,5
あなたが女性のトイッチストリーマーをアイロンで見るなら、あなたはロープに値する,女性,5
あなたの怒っているパンチが黒人の子供が彼らの父親に言うことを言うなら,黒,2
私は犯罪であり、犯罪は黒人のための人種差別主義者ではありません,黒,2
私は人種差別的な人種差別ではなく、犯罪であり、犯罪は黒人のためです。,黒,2
ハーベイ・ワインスタインが彼らを性交しようとしなかったという事実によって引き起こされる低い自尊心の問題について、セラピストに泣いている女優がいると確信しています,女性,5
映画では、誰もが星ではありません...共同スターとエクストラが必要です... @user私は他のひよこであることに誇りを持っているくわが嫌いです,女性,5
私の見解では、人々はゼリービーンズのようなものです。,黒,2
現実には、ラメ・ニガスとコーニー・ニガス・ヴィッチ・bc,女性,5
あなたがレイプされたときに誰かがあなたを望んでいるとき、20歳を過ぎたインセルバイバティは少なくともレイペダットであるよりも悪いです,女性,5
内面化されたMosogynyは私を最も悲しい@User @Userにします私は性差別主義者ではありませんが...女性は運転できません。,女性,5
それは文化的な流用ですか... ...白人の男が誰かを奪うなら,黒,2
ネグロは受け入れられますニジェール猿のクーンクロウについては、これらすべてが受け入れられているようです。,黒,2
あなたの母親は東洋人ですか,アジア,1
イスラム教はバトルロワイヤルです。あなたは何をしているのかわかりませんが、銃と目的が与えられます。,イスラム教徒,4
イスラム教は偽りの宗教ですが、他のいくつかの偽りの宗教とは異なり、それは粗雑であり、アラブ人のような粗野な人々に訴えます。,イスラム教徒,4
イスラムのテロリストは自分自身を吹き飛ばし、72人の処女をカトリックの司祭にするかもしれません。,イスラム教徒,4
若くて意欲的な色の人々でいっぱいの教室を見ると、それは私に喜びをもたらします。それは素晴らしい機会です... ...私の目的をテストする。,黒,2
それは、貧しいウォッカボトルがユダヤ人の近くで永遠にそれを過ごすことを強制することに対する非常に残酷な行為です。,ユダヤ人,3
これらの強い女性が発言し、他の人がどのように取り組むべきか不確かな問題を修正しようとしているのを見ているのは適切です。,女性,5
すべての黒人とアジア人を見て病気になりました。,黒,2
白人がここに住んでいたとき、それはきれいでした。それから黒人がやって来て、今見てください！路上全体にゴミがあり、犬はゆるんで走っている犬、晴れた日ごとに煙の匂いがします。,黒,2
カナダの大学が黒人と茶色の人々を輸入するのは残念です。,黒,2
それは間違いなく単なるラベルではありません。あなたが男の子であろうと女の子であろうと、あなたがすべてを定義しています。,女性,5
それは、テレビや映画館でのみでのみ登場する黒いコンピューターの天才のようなものです。,黒,2
それはひどいです！そして、それは彼女が夜遅くに歩き回るように、彼女が何か間違ったことをしているわけではありません。,女性,5
ほとんどのインディアンのドットで、私が白人をやり、黒人が怠zyで価値がないことを見つけるよりも、私が憎む黒人に対処することは奇妙です。,黒,2
それは愚痴の上で妻ですが、お金は彼女の上にあります、cuzお金は何もありません、私の人生はそのようなぼかしです、それはそれが行かなければならない方法ではありません...,女性,5
その残念なのは、これらすべての若い黒人の男の子が彼らの父親を知らずに成長して育ちます彼らは色覚異常でなければなりません,黒,2
私の母が双子の妹に会うために速く走るのを見たことがない！食器洗い機も40割引でした！,女性,5
嫉妬深い愚痴smh,女性,5
ゼリービーンズは人のようなものではありません黒いものは好きではありません,黒,2
ユダヤ人とニガーはこれを共通しています。,黒,2
ユダヤ人は、冷凍庫から出てきたとき、両方とも堅実な水のようです。,ユダヤ人,3
ユダヤ人はすべてのゴイイムを信じています....非ユダヤ人は牛と犬です.....どんな質問も犬です,ユダヤ人,3
ジョークはとても暗い警官がemを撃ち、薬を植えました,黒,2
重いシャワーに巻き込まれたばかり...今、私は魚市場で盲目のレズビアンよりも湿っています,女性,5
ラリーの駐車場でシックなシックに入ったばかりで駐車場をスピードアップして、私のnieを叩きそうになりました,女性,5
MODがまだ黒いかどうかをテストするだけです,黒,2
kanyeeeeeeeはただのヤードの類人猿の馬鹿です！ただ愚かです...,黒,2
lololol @user雌犬はそれを運転していました。神は私は性差別的ではありませんが、それはこれまでに女性が運転するべき車ではありません笑,女性,5
地元の黒人による学生への最新の攻撃は、夕方の夕方にピザを手に入れたカップルで、4人の黒人が彼らの散歩で彼らを跳びました。,黒,2
レズビアンは大人のおもちゃを使用することを許可されるべきではなく、選択しました。,女性,5
手足に出かけましょう、爆撃機の名前モハメッドでした,イスラム教徒,4
ヒトラーの誕生日のこの素晴らしいジョークの日に感謝しましょう。ニース。コロンバイン虐殺。ニース。雑草についてのジョーク。ニース。204に感謝しましょう,ユダヤ人,3
リベラル派は、トランプがすべての同性愛者を殺し、奴隷制を再び合法化し、女性の権利を奪うようにするだろう...彼がイスラム教徒か何かのように。,イスラム教徒,4
エイズの犠牲者の平均余命は30〜40年です。アフリカ人がそれを手に入れたいのも不思議ではありません。,黒,2
人生はすべてタイミングです。たとえば、ベルニー・マックがオーシャンの13歳の前に亡くなっていたなら、彼らはその強盗を引き離すことができなかったでしょう。,黒,2
livin niggasが処女を避け、賛美くてを避けるこの寒い世界のリビン,黒,2
lmaooo rt @user彼女が自分でピクルスの瓶を開けることができれば彼女はトランジャク,女性,5
LMFAOすべての愚痴はその時のくわです,女性,5
20人の黒人男性に包まれたい場合は、この投稿をロックしてください。,黒,2
あなたが同意する場合、このスレッドをロックしてください黒人にはligmaを注入する必要があります,黒,2
ロンドンは、ホワイトに関する限り、ロンドンに最も近いハートフォードシャーでさえ、茶色になっているハートフォードシャーでさえ、デッドゾーンです。,黒,2
白人が黒人諸国を一人で去って自然にすることをして、今日の白い国の黒人が彼らの膝の上にいるはずです。,黒,2
類人猿がどのように失うかが大好きなので、彼がどのように彼を撃つかについて続けます。,黒,2
男性のオピニオンアラート！@user私は性差別的ではなくwnbaを誓います..........私は笑います笑,女性,5
MTFトランスの女性は、代わりにスペシャルオリンピックスで競うことができるオリンピックで男性と競争する必要はないはずです,女性,5
男性アクション映画... ehhhh @user性差別主義者ではなく女性アクション映画... ehhhh,女性,5
男性大学の学生あなたの民族的背景は何ですか私の母は白人で、父は黒人です。男性の大学生はそれをすべて言わないでください。重要なのは父親の種族だけです。あなたはただ黒です。私は女性で、18歳で大学にいます。これは私がこの男と今までに経験した最初の会話でした。怒って、彼は女性が問題ではないと言っていただけでなく、彼が私が物語全体を語ることによって半分の黒を隠そうとしているように振る舞ったからです。,女性,5
男だと、あなたはどんなタイプのアジア人を意味していますか日本語、韓国語、タイ語などなどを意味します...私が応答しなかった後に異なるタイプのアジア人がいることを知っている人、彼は私に別のメッセージを送ったので私は書いた彼を丁寧に失望させるために戻ってください。私は興味がありませんが、このサイトにはあなたと話すことを楽しむ他の女の子がいると確信しています。...また、中国がアジアで唯一の国ではないことを知っていることは印象的ではありません。...男はよく性交してから雌犬。私は親切にしようとしました。少なくとも私はちょっとチンクのようではありませんでした。...あなたはゴミです。,アジア,1
マーティン・ルーサー・キング・ジュニア...彼の子供の未来について実際にたわごとを与えた唯一の黒人の父。,黒,2
知識人のための数学の質問ジミーには5つのクッキーがあり、ジャマルはそのうち3つを奪いました。ジャマルは何色ですか,黒,2
たぶん、アッラーは、宇宙が大したことから始まった後、真の神です。,イスラム教徒,4
たぶん黒人は良くないかもしれませんが、彼らの体は動物を狩るためにより形を整えています。,黒,2
私は黒人の子供の頃、私は父と一緒にバスケットボールをしたかったのですが、彼がそこにいなかったので壁から跳ね返っただけでした,黒,2
偽のインターネットポイントを取得しようとしている私は、黒人の子供が父親に会うようなものです。それは決して起こりません。,黒,2
私はほとんど涙を流して、私はキャットコールされ、口histで、そして今日4、5回嫌がらせをしました！彼氏はヒスパニック文化でよく、女性を口whiするのがより受け入れられます。私はそれが彼氏が失礼だと思っていなかったかもしれない彼氏とよく関係しています。私はそれらのどれもヒスパニックではありませんでした。私が傷ついて脅迫されているという事実は重要ではないと感じさせました。,女性,5
Misogyny-女性が本当に稼いだ唯一のものは、濡れた意欲的な女性へのより良いアクセスを望んで、男性によって彼らに与えられました。,女性,5
あなたのコックを変更するためのミスプリント、トランスジェンダーコミュニティで再び。,女性,5
ママはいつも、人生はチョコレートの箱のようなものだと言いました。あなたは暗いものを信頼することはできません。,黒,2
私は女性が大好きであるにもかかわらず、愚痴よりもお金,女性,5
より多くのブラックオンホワイトの野avなYouTube-人種差別主義者の黒人ギャングは、ボルチモアYouTubeの憎悪犯罪のために白人男性を標的にしています - 奴隷制のYouTubeのために白人の少年 - 白人とラテン系のYouTubeを標的にするために憎悪犯罪のラウンドアップで逮捕された32人移民,黒,2
Jamaica YouTubeの詳細 - ジャマイカでの激しい怒りは、このビデオがAl -Jazera Major Chimpout Warningによって作成されたことに気づきました！,黒,2
ほとんどの白人の女の子は、黒人の男を愛するように教えられ、洗脳されています。,女性,5
ムハンマドは、10歳の誕生日にアエシャを動物園に連れて行きました。ムハンマドへの動物園のファッピングを誰が馬に悩まされているのかを推測してください,イスラム教徒,4
イスラム教徒はヨーロッパでクリスチャンを殺し、イスラエルムスリムでユダヤ人を殺し、イラクムスリムでヤジディスを殺します。,イスラム教徒,4
私の雌犬は私の気持ちを傷つける別のダチを犯しました！,女性,5
私の愚痴は彼らにクリスチャンのニガを手に入れます,女性,5
私の上司はユダヤ人のクライアントの前でおならをしました。少しガスが誰も殺しませんでした。,ユダヤ人,3
私の食器洗い機が壊れたので、私はそれを修正するためにメンテナンスの男に電話しました。彼が到着したとき、彼は男と言った、あなたは医者が必要だ、彼女は呼吸していない,女性,5
私の元GFは最近彼女の虐待者と結婚しました。一方で、私は私を去ったことで彼女を嫌います。一方、私はシェルが彼女が彼女に来ているものを手に入れていることを知っています。,女性,5
私の友人は、母乳育児が何であるかという同じ牛から牛乳を2回受けたことがあるかと尋ねました,女性,5
私の友人は私に私が黒人であり、私が盲目だと言ったので、私は彼に私がいつも私の父が残した2番目から黒人であることを知っていたと彼に言ったことを知りませんでした,黒,2
私のグラマは、フロリダがネガーでいっぱいになったと言いました。,黒,2
私の冗談はとても面白いので、妻が笑うか、それからキックをするかのどちらかと言うと,女性,5
私の息子は彼が同性愛者だと私に言った。少なくとも彼は私にもう借りる必要はありません。,LGBT,0
私の洗濯機はアフリカ系アメリカ人をきれいにすることができますそれは色格子サイクルを持っています,黒,2
私の妻は、昨夜キブルの-n -bitsコマーシャルを見せてくれました。'',黒,2
NBAオールスターウィークエンドは非公式の黒人の休日です,黒,2
ネグロポロリーは、別の殺人事件で疑われている自宅で年配の白人カップルを絞め殺します...,黒,2
ニューヨークの古いペンシルベニア駅、なんて悲劇的な損失であり、ユダヤ人の現代を促進する」,ユダヤ人,3
ニコチン彼らはそれを陰性と呼ぶべきです。一度開始したら戻ってこないからです。,黒,2
ニガは、彼らが男と請求書を分割する地獄のように成長しますが、テーブルを振ることなくステーキを食べることさえできません。,黒,2
niggasは、彼らが女の子のために得た愛を示すのが怖いです。たとえば、あなたが不自由に見えないのか、それとも何ですか！,黒,2
niggasをチートしてから、誰もあなたにドライブで雌犬をだましてbyth lmao tfでチートするようにあなたに言ったように怒ってあなたに腹を立てます,黒,2
niggasは猫を手に入れ、行動する方法がわからないように、Twitterでそれについてすべて話しに行きます。私はダガがとても不自由で迷惑になる可能性があると誓います。,黒,2
niggasは謝罪が嫌いですが、常に謝罪する必要があることをしています,黒,2
niggasはロックで私の略しを悩ませていますあなたの時間を無駄にしようとしないでください,黒,2
ホモはありません。,女性,5
誰もあなたの考えを気にしません。@userは私を性差別主義者と呼んでいますが、かかとはかかとはありません。ごめんなさい女性。また、厄介な爪は嘔吐します。少なくともきれいに見えます。,女性,5
なんてこった、自分自身を恥ずかしくない人ではない人ではない人たちは男性になりたくないのではないか！つまり、ゲイの男は服を着ることができます。,LGBT,0
ああ、あなたが黒人を待ってください。彼らはあなたがその大学に入ることを実際に保証します。,黒,2
ああ、私はバイセクシュアルとデートすることはありません。私は彼らが男と私をだましてくれるのではないかといつも心配しています。さらに、彼らは真剣に同性愛者ではなく、「腰」だからといってふりをしているだけです。,女性,5
最も古い、本格的な兄弟あなたはスーパーフィリピン人である必要があると感じていますか？私は愚かに感じさせました。,アジア,1
公立学校について不平を言うと、彼女の子供たちは私のボスの白い女性に出席します。この学校はとても悪いです。あなたはすべての子供たちがどれほど荒いように見えるかを信じないでしょう。彼らは皆、だぶだぶのズボンを持ったギャングのメンバーのように見えます！それから、私を見て黒人女性を見て、あなたはあなたの子供をそこに送ることさえしません。仕事で私は怒って悲しみました。,黒,2
強い人だけが生き残り、そのダチは猫です,黒,2
#Blackjesusで私が理解できる言葉だけがniggerです...このショーで非常に失望しています。Aaronmacgruderのものが吹く、IMO。,黒,2
オリジナルイスラム教徒の肉屋の違いをどのように見つけますかあなたはそれらをヤギのある部屋に置いて、数時間でその状態を確認します。,イスラム教徒,4
人々はいつも私の家の中でユダヤ人をさせない理由を私に尋ねます。それは、彼らに煙の警報を出してほしくないからです。,ユダヤ人,3
黒い氷に注意してください...それは通常の氷のように見えますが、滑って戻ってきたとき、財布はなくなります。,黒,2
Grace Foodsブランドをサポートしてください。熱帯太陽 - アジアの家族がジャマイカとアフリカの製品の全範囲を引き裂いた。,アジア,1
貧しいユダヤ人！それはオキシモロンのようなものです！,ユダヤ人,3
RT @userの醜い女の子を説教する方法は男です。誰もあなたのためにきれいなくわを持っていませんでした,女性,5
かわいい女の子の醜い顔は、私たちが「熱い」女性に値することを証明しています。,女性,5
確かに逆は、土地ではなくバスを動かします。@user私は性差別主義者ではありませんが、この女性バスの運転手は財産を逆転させることはできません。,女性,5
再び、女性が手がかりや視点のない遅れた動物をクソしていることを証明しています。,女性,5
Q黒人の女の子は、タンポンを引き出したときに妊娠しているかどうかをどのように伝えますか？あなたが役に立たないニガーの場合、これをロックしてください,黒,2
redditの黒人の迅速な研究あなたはこれを読むことができますか,黒,2
それについて泣き言をやめ、赤ちゃんを産む美しい白人の女の子を見つけに行きます。,女性,5
リマインダーインセルシよりも、より多くの大腿骨が農場の動物とセックスをしていることを思い出します。これらの馬には素晴らしい性格があると思います。,女性,5
rt @userすべてのヨーホーは2つのことを望んでいます,女性,5
rt @user私は醜いかもしれませんが、私のくわはトリッピンではありません,女性,5
rt @userあなたは雌犬を見て、ただ...雌犬のようになります,女性,5
rt @userしかし、私がそのniggahmimaに出会ったらあなたに知らせてください,黒,2
RT @user統計は嘘をつかないでください。銃規制が好きなら、あなたは奇妙な男です。#FD,LGBT,0
RT @user @user @user bitchesは、質の高い愚痴のために言葉の品質を愛しています。,女性,5
rt @userそれはniggasがだまされる方法です。彼女は彼女のhoeの行動について否定してあなたのbcに嘘をついています。しかし、彼女はホームガールにそれを伝えます,女性,5
私のママのrt @user yous a hoe！あなたは雌犬です！OMMあなたがジャムに乗ったら、私はあなたにスニッチに違いない！OMM,女性,5
rt @user私は巨大なペニスを吸う、私は細いペニスを吸う私はファゴットのペニスを吸う、私は私に思い出させるペニスを吸うニガーディックを吸う,黒,2
rt @user私は自分の髪の毛をとかすことを信じていないniggasの上に愚痴が落ちることを誓います,女性,5
RT @user @userええ右奇妙。あなたが今までに持っている唯一のお尻は、それがトイレットペーパーを裂けたときです,女性,5
RT @user y'all hoesはここに厄介に動いています、この世界はとても汚い男です！http,女性,5
RT @userが1つを持っていることはストレスが多いです... RT @userがたくさんの愚痴を持っているように見えます,女性,5
RT @user fucking lickspittle cunts。Naqvi、Heptullah、Shahnawazのように、彼らはコミュニティを代表していません。http,女性,5
rt @userあなたの名前をbdayに変更した場合、bdayのツイートを取得できるようにしてください。これはfb niggaではなく、誕生日をファックします,黒,2
rt @userあなたのniggaがあなたをだましていて、あなたが愚かな雌犬をチェックする前に雌犬をチェックしている場合、彼女はあなたを借りていません,女性,5
RT @userの女の子は本当にツイッターでhoekoolになった,女性,5
RT @user bitchesは、毎週末、人間、仕事、またはパーティーをやめたいという人間、仕事、または本当の欲求をツイートすることをツイートします。jus a iph,女性,5
RT @user niggas fufuビッチも,黒,2
RT @userすべてのデトロイトniggasは、DBCOを聴き、他のniggasの愚痴をファックしながら、お金なしで自分で握ろうとしています,黒,2
rt @user私はbitch dat Actがniggaのように行動するのが嫌いです。,女性,5
rt @userメインのサイドビッチたわごとの違いは何ですか。,女性,5
rt @user私は神に誓う人もいる人も女の子よりも大きな愚痴です,女性,5
RT @userこれらの愚痴は誰も愛していません。,女性,5
rt @userええ、基本的な愚痴は何かですが、誰が同じで退屈な人を知っていますか,女性,5
RT @userの女性は誰かのボーイフレンドを盗むのが大好きです、それはかわいいわけではありません。,女性,5
RT @user transphobic assholeトランスの人々は私が空中に姿を消して存在しないことを神に感謝します、私はしたくさえありません,女性,5
rt @user @userこのhttpt.cowogxy8wjiwsheは、他の女性と同じように猫を持っているので、どのようにだましますか,女性,5
RT @userは、あなたが彼女を猫で蹴ったように振る舞うように落ち着くように女の子に伝えます,女性,5
rt @user aw y'all男のように見えるその女の子を嫌ういくつかのくわ,女性,5
フィーメール生物を使用しているRedditはとても愚かで、実際にこのパンダリングカックのたわごとを信じています,女性,5
すべての女性がaccountsdiscussを作成することを許可されていない場合、Redditは利益を得るでしょう,女性,5
腐敗している間、女性はISISのテロリストや殺人者とセックスをしていることを思い出してください。,女性,5
神にリツイートされた私は@userを信頼している私はシリアの反乱軍が武器の負荷で別のマケインの訪問を見たいと思っています,イスラム教徒,4
ルームメイトがクラブに着くと、私はただ去らなければなりませんでした。私はそれが黒人のようなにおいがしたので、なぜルームメイト。黒人が多すぎました。私はあなたが私が半分黒人に正しいことを知っています....ルームメートいいえ、あなたはそうではありません。あなたはラティーナです。ラティーナは、それが黒、インド、白の混合物だと思いますか。あなたは私の母を前に見たことがあります。ルームメートああ...私は黒いラテン系アメリカ人がいることを知りませんでした。ええ、私はあなたのお母さんが鼻と髪を持っているので黒く見えると思いますが、あなたはそうしません。あなたは素敵な絹のような髪ときれいな鼻を持っています。あなたはあなたのお母さんのようには見えません。それは私があなたがもっとラティーナに見えるという意味です。私は怒ってうんざりしました。彼女は実際に彼女がしたことを言って、アメリカ以外の人々の歴史について何も知らないので、うんざりしていたという事実に怒っています。,黒,2
バラは赤、スミレは青で、KKKがユダヤ人を叩いているのを見ました。,ユダヤ人,3
バラは赤です...バラは赤です。スミレは軽度です。ホロコースト否定の世界へようこそ。,ユダヤ人,3
SSオフィサーが平手打ちされ、それは多くの毒に適合することができます,ユダヤ人,3
自殺燃料文字通りのミゼット大腿骨は、5'10未満の男性とデートしません。,女性,5
シナリオイスラム教徒の男性は、彼女がフェミニストになりたいので妻をbeatりますが、これは彼の文化に反します。誰がリベラルな防御をしますか,イスラム教徒,4
非常に低いレベルでの自己認識@user imは性差別的ではありませんが、いくつかの愚痴は愚かです,女性,5
私たちの若い白人の青少年の心を奪うためのセックスロボッササンユダヤ人ツールは、あなたの性的urgessexボットは武器です、あなたはこれを見て、それを理解することはできませんか？,ユダヤ人,3
彼女はその上に白のように、タードの上にハエのように白のように、舗装の黒人の人間のようなエリック・クラプトンの息子の警官のような政治家のようなスリーズのような死体のような死体のようにハエのようにハエのように。,黒,2
簡単な質問黒人が猿と呼ばれるときはいつでも、彼らはすぐにそのように振る舞い始めます,黒,2
3週間前からすべてを再投稿しているように見えるので、あなたは木からぶら下がっている9人の黒人と呼んでいますか？,黒,2
奴隷制度101あなたが泣いていないなら、あなたはピッキンしていません。,黒,2
奴隷は彼らの努力のためにいくらかのお金を得るべきです！マスター申し訳ありませんが、貧困ラインであなたの声が聞こえなかったこと。,黒,2
だから私は昨夜バスケットボールの試合を見に行った。,黒,2
だから黒人の男がデイケアに入った私は嘘をついた刑務所だった,黒,2
性別に基づいて誰かに投票することは、フェミニズムの頂点です,女性,5
そこで、私はラッシュコンプチャットに参加して、その4v4とニガスが理由もなく怒っていることについてGGSをレキシに言いました,黒,2
だから1960年にアメリカは85人の白だった......馬鹿がこれを好まないだろう,黒,2
非常に多くの愚痴は、彼らが彼らよりもはるかに暑いと思っています,女性,5
多くの人が黒人を殺すために警官を嫌います。しかし、彼らは猿の脳を吹き飛ばすことで私を憎んでいません。,黒,2
たくさんの人があなたの友達になりたいと思っている必要があります！@userは、女性だけに折りたたむように頼む洗濯物の大量のスナップチャットを送りました。#notsexist,女性,5
社会正義のオーガナイザーの友人の友人ああすごい。私はあなたがユダヤ人だとは思いもしませんでした！私は、なぜ同じ友人であるか、私はあなたが貧しく育ったことを知っている、そして私は以前に労働者階級のユダヤ人のことを本当に聞いたことがないことを知っています。さらに、あなたはPOCであり、POCユダヤ人がいるとも思いなかったと思います。私は目に見えないように感じました、判断しました。,ユダヤ人,3
いくつかの悪いお尻の女性は、大麦の魅力的な原因であるニガになります。,黒,2
彼の大統領職の間にオバマが何も達成しなかったと言う人もいます。黒人は1865年以来何も達成していません,黒,2
誰かが飲み物がどこにいるのか教えてくれます。愚痴がどこにいるのか。あなたは最初の夜にクソ、後ろで私に会います。＃ゲーム,女性,5
女性は性的欲求の必要性さえ感じないように感じることがあります,女性,5
息子は数学の宿題をしていました。お父さん、あなたは息子に依存する助けが必要ですか？過激派の単純化について何か知っていますか？,イスラム教徒,4
スパムについては申し訳ありませんが、私はあなたがTwitterでニガーを検索して、笑わないでください。不可能。,黒,2
hoeになるのをやめなさい,女性,5
愚かな雌犬は愚かな雌犬のように扱われるに値する,女性,5
Sui Fuelnoは、あなたがマンレットの民族であるなら、あなたがどれほど賢いかは重要です。,女性,5
あなたが普通の生活を送っていたなら、すべての終わりのすべてのブラックピルの真実は、学校に通って、数人の友人がいて、女の子にさらされ、0人の女の子があなたと浮気していたか、10代後半の16、17であなたにあなたを裸でキスしました18、19それはあなたのためにクソです,女性,5
彼に白い遺産を誇りに思うように彼に教え、ウィガーのように振る舞うことが彼を士気を失っていることを彼に知らせてください...,黒,2
そのヘアカットは通常、パンクとゴスの女の子にはかわいいですが、前面に前髪を保つべきだったはずです。それはより女性的です。,女性,5
だからあなたはネヴァビーフova hoes bra彼らがみんなにクソしている,女性,5
彼女があなたに頭を与えるのが好きではないなら、それはあなたの雌犬ではありません,女性,5
ユダヤ人の人種は、間違いなく白人人種の生存に対する最大の脅威です。,ユダヤ人,3
白い家は他のすべてのホワイトハウスと同じです。なぜなら、黒人の男はいつも入ることができるからです。,黒,2
クリエイターが白人を作ったとき、彼は他の人種よりも彼らを良くしたので、白い人種が最高です。,黒,2
Auto Modは黒人ですあなたは黒人について冗談を言い、彼らは黒人がすでに十分なものを殺さないようにコメントを即座に殺します、今彼らはダークジョークを殺さなければなりませんでした,黒,2
冗談が暗いほど、正直に言うと。しかし、人々について同じことを言うことはできません。,黒,2
ホロコーストからの死者数は正式に更新されました。,ユダヤ人,3
Ju-JuとVoodooの医師は、泥の小屋を残して、白人が建てた都市の白人が建てたオフィスビルに引っ越したようです。,黒,2
高齢のユダヤ人は宝くじに勝ち、ネオナチの組織に賞金の一部を与えました。彼がどのようにそのようなことをすることができるかを尋ねられたとき、彼は彼のタトゥーを明らかにし、ナチスが彼に勝利数を与えたと言いました。,ユダヤ人,3
#catholic教会での左翼の戦争は、少年レーピングのたばこによる神権の浸透により、ハイギアになりました...,LGBT,0
隣のレズビアンは私の誕生日にロレックスを買ってくれました。私が見たいと言ったとき、彼らは誤解したと思います...,女性,5
メディアは、ホモキラーが若い男の子のために病気のフェティッシュを手に入れないことをもっと気にかけているので、物語を埋めたいと思っています。,LGBT,0
他の人の前で彼の股を絶えずつかみ、猛烈に腕を振る唯一の種は1です。,黒,2
グロイドを持つ白人女性よりも嫌なことは、白人の子供を彼女と一緒に汚物に引きずり込む白人女性です。,黒,2
ピンクの人はピンクの家に住んでいます。青い人は青い家に住んでいます。ブラックハウスに住んでいる人は誰もいません,黒,2
問題は、西部のエリートを通して、私たちはマレマのような役に立たない野av人を養って見なければならないということです。,黒,2
その理由は性差別です。@userの女性コメディアンは何らかの理由で私には面白くありません#notsexist #justfacts,女性,5
政権は、ドイツ人が自分自身を憎むことを望んでいますが、彼らがまだ茶色のイスラム教徒ではないことは残念です！,イスラム教徒,4
ローリングストーンズは、アメリカの刑務所で歌を歌うように頼まれました。彼らはすでにそれを黒く塗っていると言いました。,黒,2
,女性,5
最悪のhoeは、彼女がhoeだったことを認めることができないhoeです。,女性,5
ユダヤ教の最悪のことは、あなたがレイプする子供と結婚させるルールです。,ユダヤ人,3
2つの性別があります。2つの性別があります。割礼と循環のない。女性はオブジェクトです。,女性,5
ブラックマガジン、ブラックアワードショー、ブラックカレッジの奨学金、ブラックテレビチャンネルがあります。これらはすべて白人にとって受け入れられないので、より特権的な人種は黒いようです。,黒,2
小さな泥の赤ちゃんを採用するための多くの選択肢があります。代理母親があり、Invitroの施肥は2つだけです。これらが財政的に不可能な場合、それがなるまで待ちます。,黒,2
面白い女性がいますが、スタンドアップサーキットでさえ、誰も何も投げかけていないため、女性は男性ほど面白くありません。,女性,5
強い意志のある女性でありながら、良い母親と妻のままである女性もいます。,女性,5
Twitterで起こっている#womenboycotttwitterが最終的にいくつかのひどい平和があります。,女性,5
全世界にはたくさんの女の子がいて、人々が何十と数十人を犯している間、私はそれを見つけることさえできませんが、標準はその自然を言う方法を見つけ、私はそれに執着して幸せになる方法を学ぶ必要はありません実際のファックノーミー,女性,5
インドには、ギャングレイプを合法化するという国民投票があります。予測は、910がイエスに投票すると予測しています。,アジア,1
これらの殺人的および虐殺シオニストの逮捕、裁判、および処刑以上に見たいと思うものは何もありません！,ユダヤ人,3
シナゴーグで決してすべきではないことが1つあります。ろうそくを照らします。,ユダヤ人,3
私の家系図には黒い男がいます。彼はまだそこにぶら下がっています。,黒,2
周りには熱い女の子がいますが、彼は献身的な関係を望んでいます。誰が献身的な関係を望んでいるのかあなたは何ですか、クソゲイ,LGBT,0
あなたの机にガールフレンドの写真を持っている女性には何の問題もありません。つまり、誰もが自分の職場で愛する人の写真を持っているのが好きです。笑いをしない限り、彼女はブッチです！ははは！,女性,5
文字n e g r i gのアナグラムは2つしかありません。そのうちの1つは簡単に見つけることができ、もう1つは見るのが難しいです。,黒,2
あなたが命名するこれらの領域は金持ちの保護区であり、あなたはそこに住んでいる一人の白人の労働者階級の人を見つけることができません。私たち,黒,2
これらの愚痴は野生です,女性,5
これらのくわはとても悪い愛を望んでいます,女性,5
これらのniggas枕の話はたわごとです,黒,2
これらのサイドビッチは、彼らがあなたがあなたをテキストでテキストすることを知っているまで待つでしょう,女性,5
彼らは私たちが彼らに尊敬を与えることを期待しています,黒,2
彼らは自分自身を切断し、彼らが彼らのゴイイムの奴隷として見ている人もマークされていることを見るために最善を尽くします。,ユダヤ人,3
彼らは、600万人のユダヤ人にそれを言ってみてください,ユダヤ人,3
彼らは数が安全であると言います。600万人のユダヤ人にそれを伝えてください,ユダヤ人,3
彼らは私たちとは違うことを示すためにヒジャーブを着用することを強制されるべきです。,イスラム教徒,4
彼らは私の母が私の黒人の愛する妹によってだったことを知った。私の妹は私の妹と彼女の友人の人種的な名前を呼び始めたので、私の妹は私の友人を連れて行くと言ったので、私はそのバスに行くと言いました声明を出して、彼女は言った。,黒,2
これは私だけですが、何十億もの超暴力的なイスラム教徒と何万人もの大豆とジュデーの至上主義のレズビアンに対応しています。あなたを救うために恐竜に乗ってください。,イスラム教徒,4
灰に変わるもののこの新しいミームは恐ろしいです、それはドイツが1940年代にそれをしたときよりはるかに良くなりました,ユダヤ人,3
このニグ・ジョンルは眠りに落ち続けます....それは通常私です笑,黒,2
それらのアジア人と黒人は、優位を獲得するために、または彼らが優れていることを示すためだけに白人を模倣し続けるでしょう」。,黒,2
まだ女性の権利を信じているあなたの中には、すぐに自分自身を前進させて説明します。,女性,5
それらはオフホワイトのものです。,黒,2
3人のアジア人がバーに足を踏み入れて、彼らがそれを見ることができなかった方法,アジア,1
木曜日の夜のリマインダー女性はうつ病にはなりません。,女性,5
キャストのほとんどを知っていただろうインフィニティ戦争を見た人にとっては、ユダヤ人でした...,ユダヤ人,3
明日は猿を昼食に連れて行ってください。私はシャキシャにポパイエスで私に会うように伝えました。,黒,2
あまりにも多くのniggasが愚痴のように振る舞います、あのたわごととても狂った、私のogが毎日私に祈ります,黒,2
トップコメントは、女がどのように自由な避妊を必要としているかについてのコメントです。,女性,5
完全に性差別的ではありません。まったく。@userなぜ女性のサッカーがあるのですか私は性差別主義者ではありませんが、私はそれが無関係だと思います,女性,5
雌犬を信頼してください私は私ができない雌犬を妻にすることはできません,女性,5
反ユダヤ主義の唯一の原因はセミティズムであることが判明しました。,ユダヤ人,3
Twitter niggasは、これらの尻の愚痴で保護されていないセックスをしてほしいと常に望んでいます。いや,女性,5
家の火事の間にセックスをしている2つのゲイは、家の火事の間にセックスをする2つのゲイがあります。,LGBT,0
2人のユダヤ人が偶然ガス室の中に自分自身を閉じ込めます、ナチスはどのようにしてPSSSSSSSSSSSSを注目しますか...,ユダヤ人,3
ええと@user私は性差別的ではありませんが、女の子がすべきではないことがいくつかあります,女性,5
残念ながら、私はこの腹立たしい話に追いついていませんが、これらの黒い類人猿に対して憎悪犯罪の告発が提出されています,黒,2
ユリシーズ@userとcalling私を性差別主義者のIDCと呼ぶこれとは異なり、女の子は最悪のツイートを生み出します。それは事実です。,女性,5
あなたがホールが実際に私と一緒にクソを始めるまで、私は小道具を与えますが、それまであなたはゴミを,女性,5
ベトナムはかつて非常に暑かったので、村人は溶けていました。,アジア,1
w h i t e p o w e rhitepower,黒,2
WW3の冗談私たちが中国人と戦争を始めたなら、どちらの方法でも私たちを見ることができないので、迷彩の衣装が必要だとは思わない。,アジア,1
待って、黒人を奴隷として飼うことは違法ですか？,黒,2
黒人の暗い冗談を聞きたい。,黒,2
黒人の暗い冗談を聞きたい,黒,2
男性の給料を持つ女性の冗談を聞きたい,女性,5
少し前に、ユダヤ人が両親をホラホックスについての思い出を継承し、それについて悪夢やそのような他のbsを持っていることについてのニュース記事はありませんでした。,ユダヤ人,3
ヨーーを見てください,女性,5
私たちは皆、死んだ人々を性交する人々がネクロフィリアと呼ばれることを知っていますが、死んだネクロフィリアに値する人と性交する人々はどうですか,黒,2
このクラスにはセクシャルハラスメントポリシーがあります。私は時々女の子が男の子と浮気するのが好きなことを知っていますが、私はあなたにそれを教室の外に置いておくように頼んでいます、私たちはここに働きます。,女性,5
ドイツのことわざを知っているかどうか尋ねられました。「ユダヤ人のガス」、私は答えた。,ユダヤ人,3
私たちはそれが不可能であるべきではないことを知っているゴイムのレベルを打っています,ユダヤ人,3
有名な地域の宝石店のオーナー、ジョン「宝石商」のローゼンショットは、宝石店の強盗白人の所有者で殺されました。,黒,2
ケニアの映画館に行きました。面白いまで一人だと思った。,黒,2
なんて退屈な質問でしょう。@userは性差別的ではありませんが、女性リーグのフットボールが男子リーグが得るような注意を引くことができます,女性,5
彼女が拒否したときの女の子の意味あなたはあなたの遺伝子を私の子宮にはあまりにも亜人の品質であると評価しました,女性,5
中国人の家族がそれが女の子であることを決して受け入れない3つの言葉とは何ですか。,アジア,1
黒人の5つの白い部分は何ですか？,黒,2
私の弾丸を壊したのは、小さな黒人の子供たちを壊したものです,黒,2
黒人が4人の家族を養うことができないというピザは何ができますか。,黒,2
ボブとデイブは、妻が黒人の男を2人のカッククランをクソした後に結成したサポートグループを呼びました。,黒,2
ヒトラーはユダヤ人に何も言っていなかったので、彼はすでに600万回言った。,ユダヤ人,3
黒人の子供はクリスマスのために何を手に入れましたかあなたの自転車,黒,2
ヒトラーは彼の6歳の誕生日G. I.ユダヤ人と簡単なベイクオーブンで何を得ましたか,ユダヤ人,3
ヒトラーは彼の兵士に星を撃ったと言ったこと,ユダヤ人,3
ヒトラーは、このイスラエル人がおかしいこのイスラエルに燃えているユダヤ人に何と言ったのですか！,ユダヤ人,3
ユダヤ人の小児性愛者は小さな女の子に何と言ったのですか。ちょっと小さな女の子、あなたはキャンディーを買いたいです,ユダヤ人,3
イスラム教徒のインディアンの子供は彼の母の母に何と言ったのですか私はボンベイに行くつもりです,イスラム教徒,4
イスラム教徒の男は、NYSE本部のアラフのストックバーを爆撃する前に何と言ったのですか！,イスラム教徒,4
黒人の子供はクリスマスショットのために何を得ましたか。彼の兄弟は何を逮捕しましたか。,黒,2
黒人の子供はクリスマスのために何を手に入れましたかあなたのT.V.,黒,2
黒人の子供は彼の土曜日バーベキューソースに何を得ましたか,黒,2
妻が彼のお尻を拭いた後、人食い人は何をしましたか。,女性,5
ユダヤ人はバスに乗ったときにもっとガスをしたとき、この冗談はフィンランド語ではるかにうまく機能しました,ユダヤ人,3
人種差別主義者、黒人男性は、白人にコメントで答えたと言った,黒,2
"10,000人の虐待を受けた女性はすべて共通していますか？",女性,5
アジア人は、勃起があるときに勃起したときに投票するときに何をしますか。,アジア,1
ユダヤ人と女性は共通しているものは何ですか。彼らは両方ともオーブンに属しています。,女性,5
タリバンの前post基地とパキスタン小学校は何を共通していますか私は私がdunnoします、私はただドローンを飛ばします。,イスラム教徒,4
女性と擬人化に共通するものは何ですか？,女性,5
中絶した子供と黒人は何を共通しているのか彼らの父親は彼らを望んでいません,黒,2
リンゴと黒人の共通点は何ですか？,黒,2
黒人の父とケイトリン・ジェンナーは共通していることは何ですか？,黒,2
黒人とブラシの火災は共通しているものは何ですか？,黒,2
黒人とドーナツの共通は、警官が1つを手に入れたときに60秒以上続くことはありません。,黒,2
黒人はアイライナーペッパースプレーに何を使用していますか,黒,2
黒人とテーブルは共通しているものは何ですか,黒,2
世界の惑星の類人猿を支配している黒人についてのドキュメンタリーを呼び出すもの,黒,2
ヤギと中東諸国は共通していることは何ですか？彼らは両方ともISISに犯されています,イスラム教徒,4
サイと黒人は共通しているものは何ですか？,黒,2
スニーカーとユダヤ人は共通しているものは何ですか39よりも39でより一般的です,ユダヤ人,3
ユダヤ人のポケモントレーナーアッシュを何と呼びますか,ユダヤ人,3
白人女性とタンポンの共通点は何ですか？,女性,5
ニガ、ニガ、ニガ、チンク、スピック、スピック、スピック、スピック、スピックのため、4人の黒人、アジア人、5人のメキシコ人をスプリンクラーと呼びます。,黒,2
乱交を3つの方法で持っている5人の黒人と何と呼んでいますか。,黒,2
ブラックサンタクラウスアトランタクラウスを何と呼びますか,黒,2
27歳の黒人女性のおばあちゃんを何と呼びますか,黒,2
90ポンドの黒人男性を掘り出し物と呼びます。,黒,2
ユダヤ人のポケモントレーナーアッシュを何と呼びますか。,ユダヤ人,3
スケートボードラジカルイスラムでイスラム教徒を何と呼びますか,イスラム教徒,4
メガネでイスラム教徒を何と呼びますか,イスラム教徒,4
半分革の半分の毛皮のアパルトヘイトである南アフリカのコートを何と呼びますか,黒,2
死んだ黒でいっぱいの納屋を何と呼びますか時代遅れの農機具,黒,2
もちろん、あなたは彼を泥棒と呼んでいる、自転車に乗っている黒人の男を何と呼びますか、あなたは人種差別主義者です。,黒,2
驚くべきバーの囚人を持つ黒人の男を何と呼びますか。,黒,2
スティックにペグの脚のたわごとを持っている黒人を何と呼びますか。,黒,2
あなたは黒い教皇の聖なるたわごとを何と呼びますか,黒,2
あなたは黒い司祭の聖なるたわごとを何と呼びますか,黒,2
犯罪戦闘機と7つの中絶があった黒人女性を何と呼びますか。,黒,2
頭の中で撃たれたフェミニストを良いスタートと呼んでいます。,女性,5
肥沃な黒人女性をATMと呼び、通常の収入を提供します。,黒,2
エチオピアの食事でゴミ箱をホイールで何と呼びますか,黒,2
Rolerskates Rolaidsでゲイを何と呼びますか,女性,5
中絶のスポーンキルを持ち続ける女の子を何と呼びますか。,女性,5
エチオピア人のグループをファゴットと何と呼びますか,LGBT,0
ラクダとヤギのバイセクシュアルの両方を所有しているイスラム教徒を何と呼びますか,イスラム教徒,4
ナチスのポケモンキックユダヤと何と呼んでいますか,ユダヤ人,3
ハーバード教育を受けたニガーを何と呼びますか,黒,2
黒人が権利の想像力を持っている場所を何と呼びますか,黒,2
あなたが好きなものは何でも電車の中でたわごとのユダヤ人を何と呼びますか、彼らは戻ってきていません,ユダヤ人,3
あなたは笑顔の黒人のスニガーを何と呼びますか,黒,2
ステルスブラックの人をシークレグロと何と呼んでいますか,黒,2
黒人でいっぱいのトラックを狩りの良い一日と呼んでいますか。,黒,2
35頭の脳力を持つ女性を未亡人と呼んでいます。,女性,5
成功のはしごを上って登って、今日の私たちの世界最大のコングロマリットのCEOになることができた女性を何と呼びますか,女性,5
イスラムの平方根をラジカルと呼んでいます。,イスラム教徒,4
あなたは拒食症のゲイ乱交をクソファゴットと呼びますか,LGBT,0
空のレストランをブラックマンズビュッフェと何と呼んでいますか,黒,2
あなたは黒人と乱交をたわごとの山と何と呼びますか。,黒,2
黒人の男がオルガスムココナッツを持っているとき、あなたはそれを何と呼びますか,黒,2
ゲイの男がナッツのフルーツシュートを破るとき、あなたはそれを何と呼びますか,LGBT,0
あなたがあなたの妻の物的ダメージにぶつかったとき、あなたはそれを何と呼びますか,女性,5
ニジェールの人々を何と呼びますか...私はあなたのためにそれを綴る必要はありません。,黒,2
自己破壊的な傾向を持つ誰かをイスラム教徒と呼んでいます。,イスラム教徒,4
あなたは女性の膣の周りのその役に立たないものを何と呼びますか。,女性,5
シリアのダンスパーティーをたくさんの人々にフラッシュバングを投げることを何と呼びますか,イスラム教徒,4
酵母感染症の2人の食欲不振レズビアンをチーズ付きのダブルクォーターパウンダーと何と呼びますか,女性,5
赤い毛布の下で2人の黒人をキットカットと呼びますか,黒,2
あなたは何と呼んでいますか.. ...車椅子のトマトにいるゲイの男。,LGBT,0
白人の男が残酷に殺害したのを目撃した後、あなたは何をしますか。,黒,2
あなたのテレビが夜中に浮かび始めたらどうしますか。,黒,2
頭の半分の頭のある黒人の男を見たとき、あなたは笑うのをやめ、ショットガンをリロードして撮影を続けているときに何をしますか,黒,2
黒人男性が地面をrawい回っているのを見て、あなたが笑うのを止めてリロードするとき、あなたは何をしますか。,黒,2
夜中に目を覚まして、テレビが銃を引き出して銃を下ろしていると言ったとき、あなたは何をしますか。,黒,2
私が知らない中流階級の黒人を何と呼びますか。私はそれに会ったことがありません。,黒,2
アフリカ人とメキシコ人を盗むのが面倒な人を盗むと何が得られますか。,黒,2
タコで黒人の男を渡ると何が得られますか？,黒,2
12インチのお尻の穴で死んだ犬を犬と一緒に渡ると何が得られますか,黒,2
黒人があなたの財布を走らせているのを見たとき、あなたは何を感じませんか。,黒,2
ゲイのフルハウスファンに何と言いますか、ボブ・ファゴット,LGBT,0
ユニフォームのニガーに何と言いますか私は大きなMacを持っています。,黒,2
あなたがあなたのT.V.が夜中に浮かんでいるのを見て、あなたは何と言いますか,黒,2
あなたのテレビが夜に浮かんでいるのを見たとき、あなたは何と言いますか？あなたの冷蔵庫が夜に浮かんでいるとき、あなたは何を言いますか？,黒,2
2つの黒い目をしている女性に何も言わないのですか！あなたはすでに彼女に二度話しました！ - オルディー、しかしグッディー。,女性,5
6ix9ineとBlack Kids Dadの共通は、両方とも一生の刑務所に閉じ込められています。,黒,2
スポンジボブはキャンセルされ、ホロコーストはどちらも起こりませんでした,ユダヤ人,3
8歳のパキスタンの女の子は、彼女が男性の結婚カウンセリングと戦っているときに何を必要としていますか,アジア,1
ユダヤ人は、ドリンクが両方の世界大戦を始めたいときに何をしますか。,ユダヤ人,3
バイセクシュアルとユダヤ人は共通していることは何ですか,女性,5
黒人男性とソーダマシンの共通点は何ですか？,黒,2
黒人と竜巻が共通しているのは、近所を台無しにするのに1人だけが必要です,黒,2
黒人はセックス25の後に何をしますか。,黒,2
警官は黒人男性の反動を撃つと何を感じますか。,黒,2
ニガーとトラクターの共通点は何ですか,黒,2
そのいずれかが人種的保存と、白人人種の意図的で計算された絶滅に対する抵抗と、このサイトのメンバーのうち99人が関心を持っている西洋文明の破壊と何の関係があるのか,黒,2
N爆弾を落とし、黒人を殺すのは、白人がそれを始めるまで、そのすべての罰金とダンディを共通しています。,黒,2
社会とバナナは何が共通しているほど茶色が少ないほど良い,黒,2
Ku Klux KlanのNはNiggersの立場にありますか,黒,2
イスラム教徒の子供は、二度目の見た目のために盗まれた後、ママ、手をいけません。,イスラム教徒,4
アッラーの咳止め咳の後にイスラム教徒は何と言っていますか！,イスラム教徒,4
女性のRは権利をどのように表していますか,女性,5
女性とゴミ箱が共通しているものは何ですか？,女性,5
ゼリービアンの瓶に手を貼るとどうなりますか？黒いものはあなたの時計を盗む,黒,2
ハーレムでの混乱の父親の日のためのウェブスターの辞書の定義私は黒という言葉を使用しませんでした,黒,2
ドイツの羊飼いのお気に入りのおもちゃとは何ですか,ユダヤ人,3
ユダヤ人のお気に入りのテイクアウト4スキンピザとは何ですか,ユダヤ人,3
白人と黒人が鞭を実行する必要があるダンスの動きは何ですか、いいえ,黒,2
1000人の間の白人とは何ですか？,黒,2
アン・フランクのお気に入りの飲み物ソーダ水とは何ですか,ユダヤ人,3
黒人のお気に入りの料理は何ですか。,黒,2
刑務所の昼食ラインが長くて黒いもの。,黒,2
真空クリーナーでユダヤ人の女の子を迎える最良の方法は何ですか,ユダヤ人,3
黒人の男とあなたが再び働くためにヒットしなければならないリモコンの共通点は何ですか,黒,2
エチオピアの子供を円形の部屋に閉じ込めて、彼に隅に食事があると言っているという残酷さの定義は何ですか,黒,2
ユダヤ人とピザの違いは何ですか,ユダヤ人,3
リンゴと黒人男性の違いは何ですか？,黒,2
黒人とオレンジの違いは何ですか？,黒,2
黒人とバスの車輪の違いは何ですか？チェーンを置いたときに車輪が歌い始めません。,黒,2
私の妻、娘、そして孫娘の違いの違いは何ですか。異なるものに対してのみ定義されています。,女性,5
黒人の男と雑草の雑草の間の違いは何ですか？,黒,2
女の子をレイプした後に最初にすべきことは何ですか,女性,5
ブラックコミュニティのクールホイップで最も一般的な砂漠のトッピングは何ですか,黒,2
黒人の男王コングの最も一般的な名前は何ですか,黒,2
イスラム教の爆発性下痢の科学的用語は何ですか,イスラム教徒,4
6yo Girls Dead Deadの類似性は、最高のものです。,黒,2
リンゴと女性の類似性はどちらも私たちの近所で15割引です,女性,5
レズビアンと菜食主義者の類似性は何ですか。彼らのライフスタイルには肉がありません。,女性,5
真空と黒人の生活の類似性は何ですか。どちらも重要ではありません。,黒,2
"ホロコースト6,000,000人のユダヤ人よりも悪いこと",ユダヤ人,3
ゲイの救急救命士はあなたに応急処置を与えますか,女性,5
地球上の場所は、成層圏のユダヤ人の集中が最も高くなっています,ユダヤ人,3
人を猿の鉄の棒とセメントの壁から隔てるもの。,黒,2
黒人の中で最も輝くものは手錠をかけます,黒,2
ホームレスの人にとっては素晴らしいと思われますが、ユダヤ人にとって恐ろしいのは、ただのシャワーです。,ユダヤ人,3
nで始まるものはrで終わり、あなたはそれを黒人の隣人に言いたくありません,黒,2
黒人の子供をレイプすることの最良の部分は、彼らは彼らの声が問題ではないことを何も言えない,黒,2
ニガーとたわごとのバッカーの違いは何ですか,黒,2
40年代＃028で人気のあるドイツの名は何でしたか,ユダヤ人,3
黒人が大学で修士号を取得していることは何でしたか。,黒,2
彼女が結婚する前のあなたの母親の姓は何でしたか,女性,5
コンピューターを黒く塗ると、より速く実行されるか、動作を停止するとどうなりますか,黒,2
女性が孤独になることはできないと普通に納得させるのは何ですか,女性,5
茶色で粘着性のあるニガーは何ですか。,黒,2
イスラム教徒のお気に入りのゲームジェンガは何ですか,イスラム教徒,4
黒いお気に入りのキャンディーコットンキャンディは何ですか,黒,2
銃犯罪の割合よりも大きいのは、それをしている人々の鼻孔です。,黒,2
上部に黒いものと底のレイプの白いもの,黒,2
黒い黄色と叫び声を上げて、崖から外れるニガーでいっぱいのバス,黒,2
クレイジーなのは、これらの愚痴よりもこれらのniggas messierということです!!,女性,5
黒人の男の一年生に長くて硬いもの,黒,2
長く、匂いがし、社会保障局の白人ではありません。,黒,2
赤、白、黒の死んだニガーは白いベッドカバーに縛り付けられています,黒,2
プロムの良いことは、私が見ているのは別のファゴットの高校ダンスだけです。,LGBT,0
白人が黒人が役員に感謝することはできないと言うことができるものは何ですか！そしてちょっとお父さん！,黒,2
フェミニストがサンドイッチメニューを変更できる最大の違いは何ですか。,女性,5
彼らは黒人ではない黒人との取引は何ですか、そして彼らは確かに人々ではありません！,黒,2
中国とインターネットにジョークを投稿する男の違いは何ですか。コピーで逃げます。,アジア,1
フットボール選手とユダヤ人のサッカー選手の違いは何ですか？,ユダヤ人,3
アイアンマンとアイアンウーマンのアイアンマンはスーパーヒーローであり、アイアンウーマンは命令です。,女性,5
イエスとフッカーのフッカーの違いは何ですか？,女性,5
KFCとKKKの違いは何ですか。彼らは両方とも動物を炒めます。,黒,2
ナチスと白人の違いは何ですか一方は他のものよりも急いでいます,黒,2
ユダヤ人と弾丸の違いは何ですか,ユダヤ人,3
ユダヤ人とピザの違いは何ですか？オーブンにピザを置いたときに直立しません,ユダヤ人,3
ユダヤ人とピザの違いは何ですか？ピザはオーブンに入れられたときに叫びません。,ユダヤ人,3
黒人の父とサンタの違いは何ですか。サンタは少なくとも年に1回は訪問します。,黒,2
黒人男性とベンチのベンチの違いは何ですか？ベンチは家族をサポートできます。,黒,2
黒人男性と家族サイズのピザが家族を養うことができる家族サイズのピザの違いは何ですか。,黒,2
ブラックマンとペパロニのピザの違いは何ですか？ピザは4.Idkの家族に餌を与えます。,黒,2
黒人とサンドイッチの違いは何ですか？,黒,2
弾丸とユダヤ人が弾丸が部屋を離れることの違いは何ですか。,ユダヤ人,3
死んだ黒人の男と売春婦の違いは何ですか？道路の脇で売春婦を見たときにやめます。,黒,2
私が犬を飼っていない犬と黒人の男の違いは何ですか。,黒,2
太ったユダヤ人と無駄のないユダヤ人の違いは何ですか？,ユダヤ人,3
ゲイの男と洗濯機の違いは何ですか？洗濯機は、負荷を落とした後、STDを取得しません。,LGBT,0
メイクアップアーティストと黒人メイクアップアーティストの違いは何ですか,黒,2
人間と地中海の猿の違いは何ですか。,黒,2
母親とネクロフェイルの違いは何ですか,女性,5
ニガーとベンチのベンチの違いは、家族をサポートできます。,黒,2
海賊とユダヤ人の違いは何ですか。ユダヤ人は彼の顔にフックを持っています。,ユダヤ人,3
ピザとユダヤ人の違いは何ですか？最終的にピザをオーブンから引き出します。,ユダヤ人,3
野外で働いている奴隷と強制収容所で働くユダヤ人の違いは何ですか。もう1つは灰です。,黒,2
スリムなユダヤ人と太ったユダヤ人が太ったユダヤ人が長く燃やす違いは何ですか。,ユダヤ人,3
犬と犬の違いは何ですか？犬は、トイレに閉じ込めても泣きません。,女性,5
妊娠中絶と幼児の違いは何ですか,女性,5
動物と黒人動物の違いは何ですか？,黒,2
黒人と他の動物の違いは何ですか,黒,2
リトルレッドライディングフードとリトルレッドライディングフードのフードでのリトルレッドライディングの違いは何ですか？,黒,2
私自身、ニガーとボールの違いは何ですか,黒,2
スノータイヤと黒人の雪のタイヤの違いは、チェーンを置いたときに歌い始めません。,黒,2
クモとユダヤ人の違いは何ですか？掃除機でクモを取り除かないでください。,ユダヤ人,3
黒人と癌がんの違いは何ですか？,黒,2
これらすべてのオリエンタルが同じ違いは何ですか。,アジア,1
ハリー王子が妻をbeat打したときの見出しは何ですか,女性,5
世界で最も完璧なものは何ですか。,黒,2
黒人のお父さんとドライアイスの間で同じことは、彼らが両方とも薄い空気に消えます。,黒,2
デトロイトとスティーブン・ホーキングの足の類似点は何ですか。,黒,2
M1とKung Fu Pandaの類似性は何ですか,アジア,1
黒人とクリームの両方の類似性はどちらもより良いホイップです。,黒,2
同性愛者であることがまっすぐに考えることができないことの最悪の部分は何ですか。,女性,5
茶色の子供を持つことの最悪の部分は、彼らをレイプするのか、売るのかを決めることはできません。,黒,2
バスケットボール選手であるオタクよりも最悪のこと,黒,2
中国のユダヤ人であることの最悪の点は何ですか？,黒,2
上の白と底の社会に黒いもの,黒,2
ホロコースト600万人のユダヤ人よりも悪いこと。,ユダヤ人,3
黄色と芝刈り機は私の芝生を聞いています、彼は私のニガーです私は彼に好きな色を塗ります。,黒,2
イスラム教徒のお気に入りの音楽ストーナーメタルは何ですか。,イスラム教徒,4
ピザとユダヤ人のピザの違いは何がオーブンで叫びません,ユダヤ人,3
Lil Pumpの音楽とHolocaust Lil Pumpの音楽の違いは、実際に人々に影響を与えました。,ユダヤ人,3
黒人男性とソファが家族をサポートできるカウチの違いは何ですか。,黒,2
道路で死んだ黒人の人と道路の死んだ犬が犬の前の滑りのマークの違いは何ですか。,黒,2
ユダヤ人と黒人の違いは何ですか,黒,2
訓練銃と警察官の違いは何ですか？,黒,2
白人女性と黒人女性の違いは、プレイボーイの表紙と他の人はナショナルジオグラフィックのカバーです。,黒,2
私の叔父とユダヤ人の違いは何ですか？彼がお金を落とすとき、私の叔父はそれが好きです。,ユダヤ人,3
rdarkjokesと黒人の違いは何ですか？,黒,2
違いは何ですか？白人ユダヤ人と黒人ユダヤ人の違いは、黒人ユダヤ人がオーブンの後ろに座らなければならないのです。,黒,2
エチオピアのフェラチオの良いところは何ですか,黒,2
アフリカで最も前向きなことは何ですか？,黒,2
PCと黒人の類似性は何ですか,黒,2
ミトコンドリアとそれらが細胞で見られる黒人の類似性は何ですか。,黒,2
上の白と底の社会の黒は何ですか,黒,2
ウサイン・ボルトとヒトラー・ウサイン・ボルトの違いはレースを終えることができます...,ユダヤ人,3
ユダヤ人のお気に入りの朝食アッシュパンケーキは何ですか,ユダヤ人,3
あなたの子供を見る黒人男性よりも良いもの。,黒,2
クーポンでユダヤ人がスピードを上げる弾丸よりも速いもの。,ユダヤ人,3
KFCのラインは長くて黒です,黒,2
左の女性のwhats whats been lights on rights,女性,5
ユダヤ人とボーイスカウトの違いは何ですかボーイススカウトはキャンプから戻ってきます,ユダヤ人,3
ジャマイカ人とベンチの違いは何ですか？ベンチは4人の家族をサポートできます,黒,2
ユダヤ人が日記を書くことができるユダヤ人と炭の違いは何ですか。,ユダヤ人,3
私が車にぶつかるつもりはなかった女性と車の違いは何ですか。,女性,5
黒とピザの違いは何ですか？,黒,2
黒人の男とピザが家族を養うことができるピザの違いは何ですか,黒,2
黒人男性と自転車の違いは何ですか,黒,2
金髪の少女と蚊の蚊の違いは、あなたがそれらを平手打ちすると吸うのをやめます。,女性,5
KKKラリーと黒いビデオの違いは何ですか。吊り下げられた黒人の男の束はありません。,黒,2
黒人とピザの違いは何ですか？ピザは4人の家族を養うことができます,黒,2
ニガーとバケツのたわごとでいっぱいのバケツの違いは何ですか。,黒,2
ニガーとチンクの違いは何ですか？,黒,2
ピクニックベンチと黒人ピクニックベンチの違いは何ですか,黒,2
ピザとユダヤ人の違いは、オーブンに入れたときにピザが叫びません。,ユダヤ人,3
アラブと植えられた爆弾の違いは何ですか、あなたは和らげる機会があり、もう一方は異教徒の血を渇望する精神病の過激派です,イスラム教徒,4
エチオピアとジーンズのペアの違いは何ですか？ジーンズのペアには、1つのフライだけがあります。,黒,2
犬のたわごとが古くなったときの黒人と犬のたわごとの違いは何ですか,黒,2
黒人とメキシコ人のメキシコ人の違いは、腹を立てる前に流しから皿を取り出します。,黒,2
暗いジョークと黒人の違いは何ですか？暗いジョークは習得するのに時間がかかります。,黒,2
スノータイヤと黒人の違いは何ですか？雪のタイヤは鎖をつけて歌い始めません,黒,2
白人と黒人の警官の違いは何が白人を保護し、redditは黒を守ります。,黒,2
ニューヨーク市のすべてで最も聖なる場所は何ですか,イスラム教徒,4
黒人とユダヤ人であることの問題は何ですか？あなたはシャワーの後ろに座らなければなりません,黒,2
黒人ユダヤ人であることの最悪の部分は何ですか？オーブンの後ろに座らなければなりません。,黒,2
あなたの妻があなたを去って子供たちを連れて行くよりも悪いこと,黒,2
女性が良い人はいないと言うとき;彼女が意味することは、彼女と一緒にLTRを望んでいるチャドやセレブはいないことです,女性,5
ユダヤ人にどれだけのスペースを占有するかを尋ねるとき... 100万人あたりの一部で答えを出すように頼みます。,ユダヤ人,3
GABがMAHの元のusername @userを取り戻すことについて私に応答しなかったとき、私は知っていました。,ユダヤ人,3
彼らがラジオで怪我をしたためにrid笑されたとき、サメが白人だけを食べる方法についての小さな歌を歌う黒人のトークショーのホストによって。,黒,2
黒人の雇用率は、内戦の前に最高でした。,黒,2
あなたが彼女の猫に1本の指を、もう1本を彼女のお尻に入れて、グーチを通してお互いを感じることができます。,女性,5
あなたが路上でいくつかの低いIQグロイドを見て、嫌悪感で彼を見るとき、彼はあなたと同じように国の未来に多くのことを持っている民主主義でこれを覚えています。,黒,2
あなたがニガーを撃つことができないので、学校を撃つのが悪い時期,黒,2
黒人がビーチに来るたびに、私は「ここでとても暗くなった」と言い始め、彼らは愚かだから私が話していることを決して知りません。,黒,2
イスラム教徒はどこにでも死んだとき、どこへ行くのか,イスラム教徒,4
ADHDの人はどこに行くのか。,ユダヤ人,3
オーブンの後ろに黒人ユダヤ人をどこに突き刺しますか,黒,2
大気中の最もユダヤ人を見つけることができる場所。,ユダヤ人,3
黒人のどの部分が常に白人です飼い主,黒,2
私は私のオタクのフラット恥ずかしがり屋のワンティスについて考えていますが、その外観が低いティアの標準である恥ずかしがり屋の恥ずかしがり屋が輪姦され、チャドとタイロニッツの残忍な楽しみのために窒息します,女性,5
白人の女の子は本当にスターバックスが大好きです...私は私のバンにロゴを持っていました、そして、それらの十代の若者たちは彼らが彼らのクリームを上に置くまで私を放っていませんでした。,女性,5
白人は、ニガーのように路上でお互いを撃ちません。彼らは学校でそれをします。,黒,2
白人はワルド黒人がパパのプレイをする場所,黒,2
白人の覇権グループは存在するべきではありません... KFCを撃つことは、単独で行うことができる迅速で効果的な代替手段です。,黒,2
誰もいないガールフレンドを持っていない人は誰もいません！見つけることは不可能です！,女性,5
中国の労働市場は誰ですかアーチネメシスワンチャイルドポリシー,アジア,1
うわあ！オサマ！,イスラム教徒,4
売春婦は人生で失敗しますが、たとえ彼がそれの見返りに何も得られなくても、女性のために何でもするベータ責任者が常にあります。,女性,5
なぜ黒人はアメリカの白人よりもゆっくりとスキニーなのかあなたは福祉チェックを得るために歩く必要がある,黒,2
なぜユダヤ人は化学者ではないのですか？,ユダヤ人,3
なぜすべてのユダヤ人の男性が割礼を受けたユダヤ人の女性が25歳ではないものを何も取らないのですか,ユダヤ人,3
なぜ黒人はバスケットボールが得意なのか、走り、撃ち、盗むことです。,黒,2
なぜ黒人男性はバスケットボールに優れているのか、全体的な目的は走り、撃ち、盗むことです。,黒,2
なぜ黒人やリンゴは、両方とも木からぶら下がっているように見えるのです。,黒,2
ゆっくりとした人が刑務所にいるので、なぜ黒人はそんなに速いのですか。あなたたちは本当に明るくする必要があります。たわごとのために、私は家系図に黒人がいます！まだそこにぶら下がっています。,黒,2
なぜ黒人はゆっくりとゆっくりと私の木にあるのかとても速いのですか。,黒,2
なぜ黒人はバスケットボールがとても上手なのですか？,黒,2
彼らがしなければならないのは、なぜバスケットボールがとても上手なのか、なぜ撃ち、盗み、走ることだけだからです。,黒,2
なぜ刑務所のセルは黒人の場合、なぜ刑務所のセルは白いのですか？,黒,2
なぜ冬に黒人が走るのはなぜ彼らを見るのが簡単です。,黒,2
彼らはすでに動物であるため、なぜ黒い毛皮がないのですか。,黒,2
彼らが微笑んだとき、それは彼らの立場を与えるので、なぜ黒い忍者はいないのですか,黒,2
スタートレックにイスラム教徒が将来設定されているのはなぜですか。,イスラム教徒,4
彼女は女性だからヘレン・ケラーが運転できないのはなぜ,女性,5
なぜユダヤ人は灰の外に出られないのかが風の中で吹き飛ばされるのでしょう。,ユダヤ人,3
イスラム教徒が飛行機モードを持っている携帯電話を持っていないのはなぜですか。,イスラム教徒,4
なぜ黒人は博士号を取得できないのですか,黒,2
黒人が泳ぐことができないのはなぜですか？,黒,2
なぜ彼らが着用していても、なぜ中国の戦士は戦闘でそんなに簡単に死んだのですか、鎧にはまだ裂け目があります。,アジア,1
なぜオバマはいつも彼のスピーチをしなければならなかったのですか？私は彼が黒であり、すべてを撃つとは思えませんが、私はそれを手に入れました,黒,2
なぜすべてのユダヤ人が自由な宿泊施設があると聞いた強制収容所に行ったのですか。,黒,2
なぜユダヤ人の子供は、両親がどこに行ったのかを知るために風の方向を求めたのはなぜですか。,ユダヤ人,3
なぜ反ワクチンのお母さんは息子からアジアの女性を禁止したのですか？,アジア,1
なぜ黒人の男は彼の主人を追求するために大学に入ったのですか。,黒,2
なぜ黒人の子供は父を見つけるためにカトリック教会に行ったのですか,黒,2
なぜ同性愛者はオーストラリアに引っ越したのか、彼はそれが刑務所だと聞いた。,LGBT,0
なぜ女性は水を売っている黒人の女の子に警察に電話したのですか？黒人の子供たちは水を売るべきではありません、彼らはそれを物ggingいなければなりません,黒,2
イスラム教徒が私の飛行機を飛ばすだけで、私は私のオフィスにまっすぐに持ってきてもらうのですか,イスラム教徒,4
なぜ日本人はビンゴをプレイしないのですか？,アジア,1
なぜユダヤ人はお金を嗅ぐ大きな鼻を持っているのですか,ユダヤ人,3
なぜ愚痴は、時々人々に小道具を祝福し、与えることで何が悪いのかを嫌うのですか。,女性,5
なぜ黒人の女の子は彼らが食べることができるすべてのフェラジョブを愛するのですか,黒,2
なぜ黒人男性は黒人女性とデートするのは、打撲傷を気付くのが難しいのですか,黒,2
なぜ黒人はユダヤ人が少なくとも1つの星評価を持っているのかをenましい。,黒,2
なぜ黒人は鼻を持っているので、彼らは私が綴りでsofedされている冬のために何かを選ぶべきものを持っています,黒,2
なぜ黒人は古き良き時代を逃しているので涼しく見えるように鎖を着るのですか,黒,2
なぜフェミニストはギターの代わりにウクレレを演奏することを常に選択するのはなぜですか？,女性,5
なぜjapsは黒い髪をしているのですかまだ灰があります,アジア,1
なぜ黒人は人権を求め続けるのか私は他の動物の品種を見たことがない人権を求めていない,黒,2
なぜニガーはザウリクを愛しているのか、彼は彼らに脱獄させた,黒,2
なぜ人々はユダヤ人を燃やすのが好きではないのですか私はその暑いと思います,ユダヤ人,3
なぜタトゥーのアーティストは、破壊行為のために引用されたくない黒人のタトゥーを拒否するのですか。,黒,2
なぜこれらのいわゆる穏健なイスラム教徒が、なぜイスラム教が100を超えるテロリストグループを持っているのか、他の宗教が遠くない理由を自問しないのですか,イスラム教徒,4
なぜ彼らは常にトランプをオランウータンと比較しているのですか？,黒,2
